student_id,student_name,gender,department,account,password,group_no,dept_no
2021A0000001,周子轩,男,学院A,A202100001,123456,10,A
2021A0000002,顾雨桐,女,学院A,A202100002,123456,10,A
2021A0000003,沈嘉豪,男,学院A,A202100003,123456,10,A
2021A0000004,许梦瑶,女,学院A,A202100004,123456,10,A
2021A0000005,陆辰逸,男,学院A,A202100005,123456,10,A
2021A0000006,宋语涵,女,学院A,A202100006,123456,10,A
2021A0000007,韩宇航,男,学院A,A202100007,123456,10,A
2021A0000008,唐欣怡,女,学院A,A202100008,123456,10,A
2021A0000009,邵文博,男,学院A,A202100009,123456,10,A
2021A0000010,任可馨,女,学院A,A202100010,123456,10,A
2021A0000011,程浩然,男,学院A,A202100011,123456,10,A
2021A0000012,袁若曦,女,学院A,A202100012,123456,10,A
2021A0000013,彭书远,男,学院A,A202100013,123456,10,A
2021A0000014,陶思雨,女,学院A,A202100014,123456,10,A
2021A0000015,魏承泽,男,学院A,A202100015,123456,10,A
2021A0000016,姜依诺,女,学院A,A202100016,123456,10,A
2021A0000017,卢景行,男,学院A,A202100017,123456,10,A
2021A0000018,崔嘉宁,女,学院A,A202100018,123456,10,A
2021A0000019,丁昊宇,男,学院A,A202100019,123456,10,A
2021A0000020,范诗涵,女,学院A,A202100020,123456,10,A
2021A0000021,郝铭轩,男,学院A,A202100021,123456,10,A
2021A0000022,汪若彤,女,学院A,A202100022,123456,10,A
2021A0000023,贺俊驰,男,学院A,A202100023,123456,10,A
2021A0000024,康语晴,女,学院A,A202100024,123456,10,A
2021A0000025,钱思远,男,学院A,A202100025,123456,10,A
2021A0000026,夏书妍,女,学院A,A202100026,123456,10,A
2021A0000027,严博文,男,学院A,A202100027,123456,10,A
2021A0000028,易芷涵,女,学院A,A202100028,123456,10,A
2021A0000029,乔弘毅,男,学院A,A202100029,123456,10,A
2021A0000030,白欣悦,女,学院A,A202100030,123456,10,A
2021A0000031,孔睿哲,男,学院A,A202100031,123456,10,A
2021A0000032,龙雨薇,女,学院A,A202100032,123456,10,A
2021A0000033,武嘉佑,男,学院A,A202100033,123456,10,A
2021A0000034,赖清妍,女,学院A,A202100034,123456,10,A
2021A0000035,段晨阳,男,学院A,A202100035,123456,10,A
2021A0000036,黎若溪,女,学院A,A202100036,123456,10,A
2021A0000037,史泽楷,男,学院A,A202100037,123456,10,A
2021A0000038,苏语嫣,女,学院A,A202100038,123456,10,A
2021A0000039,龚天佑,男,学院A,A202100039,123456,10,A
2021A0000040,赖心怡,女,学院A,A202100040,123456,10,A
2021A0000041,万俊熙,男,学院A,A202100041,123456,10,A
2021A0000042,金若琳,女,学院A,A202100042,123456,10,A
2021A0000043,孟星宇,男,学院A,A202100043,123456,10,A
2021A0000044,石婉清,女,学院A,A202100044,123456,10,A
2021A0000045,邱哲瀚,男,学院A,A202100045,123456,10,A
2021A0000046,阮思琪,女,学院A,A202100046,123456,10,A
2021A0000047,侯明轩,男,学院A,A202100047,123456,10,A
2021A0000048,江语柔,女,学院A,A202100048,123456,10,A
2021A0000049,雷浩宇,男,学院A,A202100049,123456,10,A
2021A0000050,杜安然,女,学院A,A202100050,123456,10,A
2022B0001,方明远,男,机械工程,2022B0001,123456,10,B
2022B0002,秦雨桐,女,材料成型,2022B0002,123456,10,B
2022B0003,陆景行,男,能源动力,2022B0003,123456,10,B
2022B0004,韩若溪,女,自动化,2022B0004,123456,10,B
2022B0005,许子墨,男,化学工程,2022B0005,123456,10,B
2022B0006,郭心怡,女,建环工程,2022B0006,123456,10,B
2022B0007,曹文昊,男,机械工程,2022B0007,123456,10,B
2022B0008,侯可欣,女,材料成型,2022B0008,123456,10,B
2022B0009,魏景曜,男,能源动力,2022B0009,123456,10,B
2022B0010,孟清妍,女,自动化,2022B0010,123456,10,B
2022B0011,邓知秋,男,化学工程,2022B0011,123456,10,B
2022B0012,傅一诺,女,建环工程,2022B0012,123456,10,B
2022B0013,吕书瑶,男,机械工程,2022B0013,123456,10,B
2022B0014,董思琪,女,材料成型,2022B0014,123456,10,B
2022B0015,萧以恒,男,能源动力,2022B0015,123456,10,B
2022B0016,程从安,女,自动化,2022B0016,123456,10,B
2022B0017,卢云舟,男,化学工程,2022B0017,123456,10,B
2022B0018,蒋念初,女,建环工程,2022B0018,123456,10,B
2022B0019,袁时雨,男,机械工程,2022B0019,123456,10,B
2022B0020,丁知予,女,材料成型,2022B0020,123456,10,B
2022B0021,叶行简,男,能源动力,2022B0021,123456,10,B
2022B0022,魏子期,女,自动化,2022B0022,123456,10,B
2022B0023,雷景明,男,化学工程,2022B0023,123456,10,B
2022B0024,孔月华,女,建环工程,2022B0024,123456,10,B
2022B0025,武子昂,男,机械工程,2022B0025,123456,10,B
2022B0026,田如霜,女,材料成型,2022B0026,123456,10,B
2022B0027,姜以墨,男,能源动力,2022B0027,123456,10,B
2022B0028,白静姝,女,自动化,2022B0028,123456,10,B
2022B0029,崔慕白,男,化学工程,2022B0029,123456,10,B
2022B0030,乔安澜,女,建环工程,2022B0030,123456,10,B
2022B0031,史柏舟,男,机械工程,2022B0031,123456,10,B
2022B0032,苏如琢,女,材料成型,2022B0032,123456,10,B
2022B0033,龚子衡,男,能源动力,2022B0033,123456,10,B
2022B0034,钱行舟,女,自动化,2022B0034,123456,10,B
2022B0035,万从玉,男,化学工程,2022B0035,123456,10,B
2022B0036,金知微,女,建环工程,2022B0036,123456,10,B
2022B0037,龙景曜,男,机械工程,2022B0037,123456,10,B
2022B0038,段文茵,女,材料成型,2022B0038,123456,10,B
2022B0039,黎承宇,男,能源动力,2022B0039,123456,10,B
2022B0040,易向晚,女,自动化,2022B0040,123456,10,B
2022B0041,邵知夏,男,化学工程,2022B0041,123456,10,B
2022B0042,任从周,女,建环工程,2022B0042,123456,10,B
2022B0043,江景行,男,机械工程,2022B0043,123456,10,B
2022B0044,范清欢,女,材料成型,2022B0044,123456,10,B
2022B0045,薛子墨,男,能源动力,2022B0045,123456,10,B
2022B0046,严若琳,女,自动化,2022B0046,123456,10,B
2022B0047,夏知宁,女,化学工程,2022B0047,123456,10,B
2022B0048,曾以恒,男,建环工程,2022B0048,123456,10,B
2022B0049,彭子谦,女,机械工程,2022B0049,123456,10,B
2022B0050,涂景曜,男,材料成型,2022B0050,123456,10,B
202300001,张晨,男,软件工程,202300001,123456,10,C
202300002,李浩,女,软件工程,202300002,123456,10,C
202300003,王磊,男,软件工程,202300003,123456,10,C
202300004,刘洋,女,软件工程,202300004,123456,10,C
202300005,陈杰,男,软件工程,202300005,123456,10,C
202300006,杨帆,女,软件工程,202300006,123456,10,C
202300007,赵敏,男,软件工程,202300007,123456,10,C
202300008,黄涛,女,软件工程,202300008,123456,10,C
202300009,周静,男,软件工程,202300009,123456,10,C
202300010,吴迪,女,软件工程,202300010,123456,10,C
202300011,徐婷,男,软件工程,202300011,123456,10,C
202300012,孙凯,女,软件工程,202300012,123456,10,C
202300013,胡颖,男,软件工程,202300013,123456,10,C
202300014,朱琳,女,软件工程,202300014,123456,10,C
202300015,高飞,男,软件工程,202300015,123456,10,C
202300016,林雪,女,软件工程,202300016,123456,10,C
202300017,何强,男,软件工程,202300017,123456,10,C
202300018,郭丹,女,软件工程,202300018,123456,10,C
202300019,马超,男,软件工程,202300019,123456,10,C
202300020,罗倩,女,软件工程,202300020,123456,10,C
202300021,梁宇,男,软件工程,202300021,123456,10,C
202300022,宋佳,女,软件工程,202300022,123456,10,C
202300023,郑伟,男,软件工程,202300023,123456,10,C
202300024,谢娜,女,软件工程,202300024,123456,10,C
202300025,韩磊,男,软件工程,202300025,123456,10,C
202300026,唐静,女,软件工程,202300026,123456,10,C
202300027,冯晨,男,软件工程,202300027,123456,10,C
202300028,于婷,女,软件工程,202300028,123456,10,C
202300029,董浩,男,软件工程,202300029,123456,10,C
202300030,萧雨,女,软件工程,202300030,123456,10,C
202300031,程远,男,软件工程,202300031,123456,10,C
202300032,曹颖,女,软件工程,202300032,123456,10,C
202300033,袁杰,男,软件工程,202300033,123456,10,C
202300034,邓丽,女,软件工程,202300034,123456,10,C
202300035,许峰,男,软件工程,202300035,123456,10,C
202300036,傅雪,女,软件工程,202300036,123456,10,C
202300037,沈航,男,软件工程,202300037,123456,10,C
202300038,曾敏,女,软件工程,202300038,123456,10,C
202300039,彭凯,男,软件工程,202300039,123456,10,C
202300040,吕倩,女,软件工程,202300040,123456,10,C
202300041,苏晨,男,软件工程,202300041,123456,10,C
202300042,卢静,女,软件工程,202300042,123456,10,C
202300043,蒋涛,男,软件工程,202300043,123456,10,C
202300044,蔡颖,女,软件工程,202300044,123456,10,C
202300045,贾宁,男,软件工程,202300045,123456,10,C
202300046,丁一,女,软件工程,202300046,123456,10,C
202300047,魏琳,男,软件工程,202300047,123456,10,C
202300048,薛峰,女,软件工程,202300048,123456,10,C
202300049,叶倩,男,软件工程,202300049,123456,10,C
202300050,阎博,女,软件工程,202300050,123456,10,C
11A20240001,A院学生01,M,计算机科学,A20240001,123456,11,A
11A20240002,A院学生02,F,信息安全,A20240002,123456,11,A
11A20240003,A院学生03,M,软件工程,A20240003,123456,11,A
11A20240004,A院学生04,F,计算机科学,A20240004,123456,11,A
11A20240005,A院学生05,M,信息安全,A20240005,123456,11,A
11A20240006,A院学生06,F,软件工程,A20240006,123456,11,A
11A20240007,A院学生07,M,计算机科学,A20240007,123456,11,A
11A20240008,A院学生08,F,信息安全,A20240008,123456,11,A
11A20240009,A院学生09,M,软件工程,A20240009,123456,11,A
11A20240010,A院学生10,F,计算机科学,A20240010,123456,11,A
11A20240011,A院学生11,M,信息安全,A20240011,123456,11,A
11A20240012,A院学生12,F,软件工程,A20240012,123456,11,A
11A20240013,A院学生13,M,计算机科学,A20240013,123456,11,A
11A20240014,A院学生14,F,信息安全,A20240014,123456,11,A
11A20240015,A院学生15,M,软件工程,A20240015,123456,11,A
11A20240016,A院学生16,F,计算机科学,A20240016,123456,11,A
11A20240017,A院学生17,M,信息安全,A20240017,123456,11,A
11A20240018,A院学生18,F,软件工程,A20240018,123456,11,A
11A20240019,A院学生19,M,计算机科学,A20240019,123456,11,A
11A20240020,A院学生20,F,信息安全,A20240020,123456,11,A
11A20240021,A院学生21,M,软件工程,A20240021,123456,11,A
11A20240022,A院学生22,F,计算机科学,A20240022,123456,11,A
11A20240023,A院学生23,M,信息安全,A20240023,123456,11,A
11A20240024,A院学生24,F,软件工程,A20240024,123456,11,A
11A20240025,A院学生25,M,计算机科学,A20240025,123456,11,A
11A20240026,A院学生26,F,信息安全,A20240026,123456,11,A
11A20240027,A院学生27,M,软件工程,A20240027,123456,11,A
11A20240028,A院学生28,F,计算机科学,A20240028,123456,11,A
11A20240029,A院学生29,M,信息安全,A20240029,123456,11,A
11A20240030,A院学生30,F,软件工程,A20240030,123456,11,A
11A20240031,A院学生31,M,计算机科学,A20240031,123456,11,A
11A20240032,A院学生32,F,信息安全,A20240032,123456,11,A
11A20240033,A院学生33,M,软件工程,A20240033,123456,11,A
11A20240034,A院学生34,F,计算机科学,A20240034,123456,11,A
11A20240035,A院学生35,M,信息安全,A20240035,123456,11,A
11A20240036,A院学生36,F,软件工程,A20240036,123456,11,A
11A20240037,A院学生37,M,计算机科学,A20240037,123456,11,A
11A20240038,A院学生38,F,信息安全,A20240038,123456,11,A
11A20240039,A院学生39,M,软件工程,A20240039,123456,11,A
11A20240040,A院学生40,F,计算机科学,A20240040,123456,11,A
11A20240041,A院学生41,M,信息安全,A20240041,123456,11,A
11A20240042,A院学生42,F,软件工程,A20240042,123456,11,A
11A20240043,A院学生43,M,计算机科学,A20240043,123456,11,A
11A20240044,A院学生44,F,信息安全,A20240044,123456,11,A
11A20240045,A院学生45,M,软件工程,A20240045,123456,11,A
11A20240046,A院学生46,F,计算机科学,A20240046,123456,11,A
11A20240047,A院学生47,M,信息安全,A20240047,123456,11,A
11A20240048,A院学生48,F,软件工程,A20240048,123456,11,A
11A20240049,A院学生49,M,计算机科学,A20240049,123456,11,A
11A20240050,A院学生50,F,信息安全,A20240050,123456,11,A
11B24000001,袁涵芳,F,化学,B24000001,123456,11,B
11B24000002,徐欣,F,化学,B24000002,123456,11,B
11B24000003,蒋磊阳,M,化学,B24000003,123456,11,B
11B24000004,彭文煜,M,化学,B24000004,123456,11,B
11B24000005,程焱军,M,化学,B24000005,123456,11,B
11B24000006,龚泽晨,M,化学,B24000006,123456,11,B
11B24000007,杜颖欣,F,化学,B24000007,123456,11,B
11B24000008,蒋晖曦,M,化学,B24000008,123456,11,B
11B24000009,方芳慧,F,化学,B24000009,123456,11,B
11B24000010,赵勇熠,M,化学,B24000010,123456,11,B
11B24000011,覃泽杰,M,化学,B24000011,123456,11,B
11B24000012,江刚明,M,化学,B24000012,123456,11,B
11B24000013,龙刚熠,M,化学,B24000013,123456,11,B
11B24000014,贾彤萱,F,化学,B24000014,123456,11,B
11B24000015,徐萱,F,化学,B24000015,123456,11,B
11B24000016,陈蕾悦,F,化学,B24000016,123456,11,B
11B24000017,周晴嫣,F,化学,B24000017,123456,11,B
11B24000018,史峰斌,M,化学,B24000018,123456,11,B
11B24000019,孟兰,F,化学,B24000019,123456,11,B
11B24000020,潘昊磊,M,化学,B24000020,123456,11,B
11B24000021,黎玲丽,F,应用化学,B24000021,123456,11,B
11B24000022,孟秀琳,F,应用化学,B24000022,123456,11,B
11B24000023,潘晴,F,应用化学,B24000023,123456,11,B
11B24000024,何蕾妍,F,应用化学,B24000024,123456,11,B
11B24000025,孙炜伟,M,应用化学,B24000025,123456,11,B
11B24000026,吕宇,M,应用化学,B24000026,123456,11,B
11B24000027,白勇轩,M,应用化学,B24000027,123456,11,B
11B24000028,范梅欣,F,应用化学,B24000028,123456,11,B
11B24000029,熊雅,F,应用化学,B24000029,123456,11,B
11B24000030,覃丽珊,F,应用化学,B24000030,123456,11,B
11B24000031,蔡睿熠,M,应用化学,B24000031,123456,11,B
11B24000032,赵鑫强,M,应用化学,B24000032,123456,11,B
11B24000033,于薇娜,F,应用化学,B24000033,123456,11,B
11B24000034,覃龙,M,应用化学,B24000034,123456,11,B
11B24000035,龙桂丽,F,应用化学,B24000035,123456,11,B
11B24000036,钟昊亮,M,化学生物学,B24000036,123456,11,B
11B24000037,胡芳瑶,F,化学生物学,B24000037,123456,11,B
11B24000038,梁霞萱,F,化学生物学,B24000038,123456,11,B
11B24000039,谢秀瑶,F,化学生物学,B24000039,123456,11,B
11B24000040,邹宇磊,M,化学生物学,B24000040,123456,11,B
11B24000041,田萱雅,F,化学生物学,B24000041,123456,11,B
11B24000042,田怡欣,F,化学生物学,B24000042,123456,11,B
11B24000043,孙琪洁,F,化学生物学,B24000043,123456,11,B
11B24000044,孙菊琪,F,化学生物学,B24000044,123456,11,B
11B24000045,宋晴莉,F,化学生物学,B24000045,123456,11,B
11B24000046,龙峰亮,M,高分子材料,B24000046,123456,11,B
11B24000047,韦静丽,F,高分子材料,B24000047,123456,11,B
11B24000048,龙晨,M,高分子材料,B24000048,123456,11,B
11B24000049,方晨磊,M,高分子材料,B24000049,123456,11,B
11B24000050,董雅晴,F,高分子材料,B24000050,123456,11,B
11C20240001,学生1,M,CS,C20240001,000000,11,C
11C20240002,学生2,F,CS,C20240002,000000,11,C
11C20240003,学生3,M,CS,C20240003,000000,11,C
11C20240004,学生4,F,CS,C20240004,000000,11,C
11C20240005,学生5,M,CS,C20240005,000000,11,C
11C20240006,学生6,F,CS,C20240006,000000,11,C
11C20240007,学生7,M,CS,C20240007,000000,11,C
11C20240008,学生8,F,CS,C20240008,000000,11,C
11C20240009,学生9,M,CS,C20240009,000000,11,C
11C20240010,学生10,F,CS,C20240010,000000,11,C
11C20240011,学生11,M,CS,C20240011,000000,11,C
11C20240012,学生12,F,CS,C20240012,000000,11,C
11C20240013,学生13,M,CS,C20240013,000000,11,C
11C20240014,学生14,F,CS,C20240014,000000,11,C
11C20240015,学生15,M,CS,C20240015,000000,11,C
11C20240016,学生16,F,CS,C20240016,000000,11,C
11C20240017,学生17,M,CS,C20240017,000000,11,C
11C20240018,学生18,F,CS,C20240018,000000,11,C
11C20240019,学生19,M,CS,C20240019,000000,11,C
11C20240020,学生20,F,CS,C20240020,000000,11,C
11C20240021,学生21,M,CS,C20240021,000000,11,C
11C20240022,学生22,F,CS,C20240022,000000,11,C
11C20240023,学生23,M,CS,C20240023,000000,11,C
11C20240024,学生24,F,CS,C20240024,000000,11,C
11C20240025,学生25,M,CS,C20240025,000000,11,C
11C20240026,学生26,F,CS,C20240026,000000,11,C
11C20240027,学生27,M,CS,C20240027,000000,11,C
11C20240028,学生28,F,CS,C20240028,000000,11,C
11C20240029,学生29,M,CS,C20240029,000000,11,C
11C20240030,学生30,F,CS,C20240030,000000,11,C
11C20240031,学生31,M,CS,C20240031,000000,11,C
11C20240032,学生32,F,CS,C20240032,000000,11,C
11C20240033,学生33,M,CS,C20240033,000000,11,C
11C20240034,学生34,F,CS,C20240034,000000,11,C
11C20240035,学生35,M,CS,C20240035,000000,11,C
11C20240036,学生36,F,CS,C20240036,000000,11,C
11C20240037,学生37,M,CS,C20240037,000000,11,C
11C20240038,学生38,F,CS,C20240038,000000,11,C
11C20240039,学生39,M,CS,C20240039,000000,11,C
11C20240040,学生40,F,CS,C20240040,000000,11,C
11C20240041,学生41,M,CS,C20240041,000000,11,C
11C20240042,学生42,F,CS,C20240042,000000,11,C
11C20240043,学生43,M,CS,C20240043,000000,11,C
11C20240044,学生44,F,CS,C20240044,000000,11,C
11C20240045,学生45,M,CS,C20240045,000000,11,C
11C20240046,学生46,F,CS,C20240046,000000,11,C
11C20240047,学生47,M,CS,C20240047,000000,11,C
11C20240048,学生48,F,CS,C20240048,000000,11,C
11C20240049,学生49,M,CS,C20240049,000000,11,C
11C20240050,学生50,F,CS,C20240050,000000,11,C
B01,Susan Will,M,Data_Science,stuB01,123456,12,B
B02,Robert Joh,F,Info_Security,stuB02,123456,12,B
B03,Robert Mil,M,AI,stuB03,123456,12,B
B04,Linda Brow,F,Software_Enginee,stuB04,123456,12,B
B05,James Will,F,Data_Science,stuB05,123456,12,B
B06,Michael Mi,F,Software_Enginee,stuB06,123456,12,B
B07,John Wilso,M,Info_Security,stuB07,123456,12,B
B08,Sarah John,F,Computer_Science,stuB08,123456,12,B
B09,John Taylo,F,Computer_Science,stuB09,123456,12,B
B10,Robert Dav,F,AI,stuB10,123456,12,B
B11,Richard Mi,F,Computer_Science,stuB11,123456,12,B
B12,Michael Jo,F,Software_Enginee,stuB12,123456,12,B
B13,Susan Brow,M,Computer_Science,stuB13,123456,12,B
B14,Mary Jones,F,Info_Security,stuB14,123456,12,B
B15,Mary Taylo,F,AI,stuB15,123456,12,B
B16,Robert Bro,M,Info_Security,stuB16,123456,12,B
B17,Michael Mi,F,Data_Science,stuB17,123456,12,B
B18,Michael Da,M,Info_Security,stuB18,123456,12,B
B19,Robert Wil,M,Software_Enginee,stuB19,123456,12,B
B20,John Davis,F,Data_Science,stuB20,123456,12,B
B21,Sarah Moor,M,Info_Security,stuB21,123456,12,B
B22,Mary Jones,F,Info_Security,stuB22,123456,12,B
B23,Susan Wils,F,Software_Enginee,stuB23,123456,12,B
B24,Sarah Tayl,F,Computer_Science,stuB24,123456,12,B
B25,Sarah Will,M,Computer_Science,stuB25,123456,12,B
B26,James Davi,F,Info_Security,stuB26,123456,12,B
B27,James Moor,M,Data_Science,stuB27,123456,12,B
B28,John Jones,F,Info_Security,stuB28,123456,12,B
B29,Robert Wil,F,Info_Security,stuB29,123456,12,B
B30,James Wils,M,AI,stuB30,123456,12,B
B31,David Brow,M,Computer_Science,stuB31,123456,12,B
B32,John Wilso,M,Info_Security,stuB32,123456,12,B
B33,John Davis,M,AI,stuB33,123456,12,B
B34,Michael Jo,M,Software_Enginee,stuB34,123456,12,B
B35,Richard Mo,M,Software_Enginee,stuB35,123456,12,B
B36,Susan Mill,M,Data_Science,stuB36,123456,12,B
B37,Susan Mill,F,Data_Science,stuB37,123456,12,B
B38,Sarah Mill,F,Software_Enginee,stuB38,123456,12,B
B39,David John,F,Info_Security,stuB39,123456,12,B
B40,John Brown,M,Data_Science,stuB40,123456,12,B
B41,Susan Davi,F,Data_Science,stuB41,123456,12,B
B42,Sarah Smit,M,AI,stuB42,123456,12,B
B43,Susan Mill,M,AI,stuB43,123456,12,B
B44,Richard Mo,M,Info_Security,stuB44,123456,12,B
B45,Michael Wi,M,Computer_Science,stuB45,123456,12,B
B46,Linda Brow,F,AI,stuB46,123456,12,B
B47,Susan Moor,M,AI,stuB47,123456,12,B
B48,Mary Smith,F,Data_Science,stuB48,123456,12,B
B49,Mary Jones,M,AI,stuB49,123456,12,B
B50,Mary Brown,F,Info_Security,stuB50,123456,12,B
C01,Mary Brown,M,IS,stuC01,123456,12,C
C02,John Davis,F,AI,stuC02,123456,12,C
C03,Michael Wi,M,IS,stuC03,123456,12,C
C04,Mary Mille,M,DS,stuC04,123456,12,C
C05,Robert Jon,M,SE,stuC05,123456,12,C
C06,Sarah Jone,F,IS,stuC06,123456,12,C
C07,David Smit,F,AI,stuC07,123456,12,C
C08,Mary Davis,F,IS,stuC08,123456,12,C
C09,John Mille,M,AI,stuC09,123456,12,C
C10,Linda Jone,F,DS,stuC10,123456,12,C
C11,Mary Davis,M,IS,stuC11,123456,12,C
C12,Linda Tayl,F,DS,stuC12,123456,12,C
C13,David Mill,F,DS,stuC13,123456,12,C
C14,Linda Jone,F,DS,stuC14,123456,12,C
C15,James John,F,SE,stuC15,123456,12,C
C16,David Wils,F,DS,stuC16,123456,12,C
C17,Mary Taylo,M,AI,stuC17,123456,12,C
C18,Susan John,M,IS,stuC18,123456,12,C
C19,Robert Mil,M,CS,stuC19,123456,12,C
C20,Mary Brown,F,SE,stuC20,123456,12,C
C21,Linda Smit,M,IS,stuC21,123456,12,C
C22,James Davi,F,IS,stuC22,123456,12,C
C23,Mary Mille,F,DS,stuC23,123456,12,C
C24,Robert Tay,M,SE,stuC24,123456,12,C
C25,Linda Tayl,F,CS,stuC25,123456,12,C
C26,Susan Brow,M,CS,stuC26,123456,12,C
C27,Linda John,M,IS,stuC27,123456,12,C
C28,Linda Mill,M,SE,stuC28,123456,12,C
C29,Michael Ta,F,SE,stuC29,123456,12,C
C30,Sarah Will,M,IS,stuC30,123456,12,C
C31,David Tayl,M,AI,stuC31,123456,12,C
C32,David Wils,M,DS,stuC32,123456,12,C
C33,John Wilso,M,IS,stuC33,123456,12,C
C34,Sarah Davi,F,SE,stuC34,123456,12,C
C35,Michael Br,F,IS,stuC35,123456,12,C
C36,Robert Wil,M,CS,stuC36,123456,12,C
C37,Mary Wilso,F,SE,stuC37,123456,12,C
C38,Sarah John,F,IS,stuC38,123456,12,C
C39,Michael Da,M,DS,stuC39,123456,12,C
C40,Robert Wil,M,CS,stuC40,123456,12,C
C41,John Davis,F,AI,stuC41,123456,12,C
C42,Linda Tayl,M,SE,stuC42,123456,12,C
C43,Linda Will,M,CS,stuC43,123456,12,C
C44,Mary Johns,F,SE,stuC44,123456,12,C
C45,Robert Tay,F,AI,stuC45,123456,12,C
C46,Mary Willi,M,AI,stuC46,123456,12,C
C47,John Johns,M,SE,stuC47,123456,12,C
C48,James Davi,M,DS,stuC48,123456,12,C
C49,John Mille,M,DS,stuC49,123456,12,C
C50,Linda Tayl,M,CS,stuC50,123456,12,C
B14-S001,林晓明,男,信息学,B201901,pw001,14,B
B14-S002,陈美玲,女,信息学,B201902,pw002,14,B
B14-S003,张国华,男,信息学,B201903,pw003,14,B
B14-S004,李雅婷,女,信息学,B201904,pw004,14,B
B14-S005,王志远,男,信息学,B201905,pw005,14,B
B14-S006,刘思雨,女,信息学,B201906,pw006,14,B
B14-S007,赵文博,男,信息学,B201907,pw007,14,B
B14-S008,孙晨阳,女,信息学,B201908,pw008,14,B
B14-S009,周浩然,男,信息学,B201909,pw009,14,B
B14-S010,吴雪梅,女,信息学,B201910,pw010,14,B
B14-S011,钱国强,男,信息学,B201911,pw011,14,B
B14-S012,郑丽华,女,信息学,B201912,pw012,14,B
B14-S013,冯建军,男,信息学,B201913,pw013,14,B
B14-S014,徐秀英,女,信息学,B201914,pw014,14,B
B14-S015,叶志成,男,信息学,B201915,pw015,14,B
B14-S016,蒋婷婷,女,信息学,B201916,pw016,14,B
B14-S017,沈强国,男,信息学,B201917,pw017,14,B
B14-S018,何丽萍,女,信息学,B201918,pw018,14,B
B14-S019,唐建平,男,信息学,B201919,pw019,14,B
B14-S020,韦雨晴,女,信息学,B201920,pw020,14,B
B14-S021,石志伟,男,信息学,B201921,pw021,14,B
B14-S022,莫晓燕,女,信息学,B201922,pw022,14,B
B14-S023,熊国庆,男,信息学,B201923,pw023,14,B
B14-S024,廖雪梅,女,信息学,B201924,pw024,14,B
B14-S025,袁志刚,男,信息学,B201925,pw025,14,B
B14-S026,贾丽君,女,信息学,B201926,pw026,14,B
B14-S027,龙建辉,男,信息学,B201927,pw027,14,B
B14-S028,苗秀英,女,信息学,B201928,pw028,14,B
B14-S029,潘志远,男,信息学,B201929,pw029,14,B
B14-S030,葛美丽,女,信息学,B201930,pw030,14,B
B14-S031,萧国华,男,信息学,B201931,pw031,14,B
B14-S032,章丽红,女,信息学,B201932,pw032,14,B
B14-S033,谭建国,男,信息学,B201933,pw033,14,B
B14-S034,程雅静,女,信息学,B201934,pw034,14,B
B14-S035,卫志强,男,信息学,B201935,pw035,14,B
B14-S036,骆晨光,女,信息学,B201936,pw036,14,B
B14-S037,邵国文,男,信息学,B201937,pw037,14,B
B14-S038,鲁美华,女,信息学,B201938,pw038,14,B
B14-S039,管建明,男,信息学,B201939,pw039,14,B
B14-S040,褚雪莹,女,信息学,B201940,pw040,14,B
B14-S041,阮志鹏,男,信息学,B201941,pw041,14,B
B14-S042,蔡晓燕,女,信息学,B201942,pw042,14,B
B14-S043,庄国强,男,信息学,B201943,pw043,14,B
B14-S044,连丽芳,女,信息学,B201944,pw044,14,B
B14-S045,苏建华,男,信息学,B201945,pw045,14,B
B14-S046,邹雨晴,女,信息学,B201946,pw046,14,B
B14-S047,鄢志远,男,信息学,B201947,pw047,14,B
B14-S048,艾美玲,女,信息学,B201948,pw048,14,B
B14-S049,聂国栋,男,信息学,B201949,pw049,14,B
B14-S050,仲晓月,女,信息学,B201950,pw050,14,B
C14-S001,欧阳波,男,理工,C2022001,c001pw,14,C
C14-S002,上官丽,女,理工,C2022002,c002pw,14,C
C14-S003,司马强,男,管理,C2022003,c003pw,14,C
C14-S004,诸葛敏,女,理工,C2022004,c004pw,14,C
C14-S005,慕容华,男,管理,C2022005,c005pw,14,C
C14-S006,令狐红,女,理工,C2022006,c006pw,14,C
C14-S007,独孤博,男,理工,C2022007,c007pw,14,C
C14-S008,东方丽,女,管理,C2022008,c008pw,14,C
C14-S009,西门勇,男,理工,C2022009,c009pw,14,C
C14-S010,南宫燕,女,理工,C2022010,c010pw,14,C
C14-S011,北冥峰,男,管理,C2022011,c011pw,14,C
C14-S012,轩辕雪,女,理工,C2022012,c012pw,14,C
C14-S013,公孙杰,男,理工,C2022013,c013pw,14,C
C14-S014,百里芳,女,管理,C2022014,c014pw,14,C
C14-S015,宇文明,男,理工,C2022015,c015pw,14,C
C14-S016,赫连娜,女,理工,C2022016,c016pw,14,C
C14-S017,皇甫强,男,管理,C2022017,c017pw,14,C
C14-S018,澹台丽,女,理工,C2022018,c018pw,14,C
C14-S019,闾丘磊,男,理工,C2022019,c019pw,14,C
C14-S020,夏侯燕,女,管理,C2022020,c020pw,14,C
C14-S021,端木浩,男,理工,C2022021,c021pw,14,C
C14-S022,公冶秀,女,理工,C2022022,c022pw,14,C
C14-S023,羊舌明,男,管理,C2022023,c023pw,14,C
C14-S024,微生丽,女,理工,C2022024,c024pw,14,C
C14-S025,壤驷强,男,理工,C2022025,c025pw,14,C
C14-S026,公西燕,女,管理,C2022026,c026pw,14,C
C14-S027,颛孙杰,男,理工,C2022027,c027pw,14,C
C14-S028,子桑芳,女,理工,C2022028,c028pw,14,C
C14-S029,漆雕明,男,管理,C2022029,c029pw,14,C
C14-S030,乐正丽,女,理工,C2022030,c030pw,14,C
C14-S031,宰父强,男,理工,C2022031,c031pw,14,C
C14-S032,谷梁秀,女,管理,C2022032,c032pw,14,C
C14-S033,晋楚波,男,理工,C2022033,c033pw,14,C
C14-S034,楚晋燕,女,理工,C2022034,c034pw,14,C
C14-S035,闵损明,男,管理,C2022035,c035pw,14,C
C14-S036,原宪华,女,理工,C2022036,c036pw,14,C
C14-S037,仲弓强,男,理工,C2022037,c037pw,14,C
C14-S038,冉求丽,女,管理,C2022038,c038pw,14,C
C14-S039,子路峰,男,理工,C2022039,c039pw,14,C
C14-S040,子贡雪,女,理工,C2022040,c040pw,14,C
C14-S041,颜回明,男,管理,C2022041,c041pw,14,C
C14-S042,子游燕,女,理工,C2022042,c042pw,14,C
C14-S043,子夏强,男,理工,C2022043,c043pw,14,C
C14-S044,子张丽,女,管理,C2022044,c044pw,14,C
C14-S045,曾参杰,男,理工,C2022045,c045pw,14,C
C14-S046,有若芳,女,理工,C2022046,c046pw,14,C
C14-S047,闵子骞,男,管理,C2022047,c047pw,14,C
C14-S048,冉伯牛,女,理工,C2022048,c048pw,14,C
C14-S049,仲由勇,男,理工,C2022049,c049pw,14,C
C14-S050,言偃秀,女,管理,C2022050,c050pw,14,C
15A001,Stu1,M,CS,15A001,123456,15,A
15A002,Stu2,F,EE,15A002,123456,15,A
15A003,Stu3,M,ME,15A003,123456,15,A
15A004,Stu4,F,MATH,15A004,123456,15,A
15A005,Stu5,M,PHYS,15A005,123456,15,A
15A006,Stu6,F,CS,15A006,123456,15,A
15A007,Stu7,M,EE,15A007,123456,15,A
15A008,Stu8,F,ME,15A008,123456,15,A
15A009,Stu9,M,MATH,15A009,123456,15,A
15A010,Stu10,F,PHYS,15A010,123456,15,A
15A011,Stu11,M,CS,15A011,123456,15,A
15A012,Stu12,F,EE,15A012,123456,15,A
15A013,Stu13,M,ME,15A013,123456,15,A
15A014,Stu14,F,MATH,15A014,123456,15,A
15A015,Stu15,M,PHYS,15A015,123456,15,A
15A016,Stu16,F,CS,15A016,123456,15,A
15A017,Stu17,M,EE,15A017,123456,15,A
15A018,Stu18,F,ME,15A018,123456,15,A
15A019,Stu19,M,MATH,15A019,123456,15,A
15A020,Stu20,F,PHYS,15A020,123456,15,A
15A021,Stu21,M,CS,15A021,123456,15,A
15A022,Stu22,F,EE,15A022,123456,15,A
15A023,Stu23,M,ME,15A023,123456,15,A
15A024,Stu24,F,MATH,15A024,123456,15,A
15A025,Stu25,M,PHYS,15A025,123456,15,A
15A026,Stu26,F,CS,15A026,123456,15,A
15A027,Stu27,M,EE,15A027,123456,15,A
15A028,Stu28,F,ME,15A028,123456,15,A
15A029,Stu29,M,MATH,15A029,123456,15,A
15A030,Stu30,F,PHYS,15A030,123456,15,A
15A031,Stu31,M,CS,15A031,123456,15,A
15A032,Stu32,F,EE,15A032,123456,15,A
15A033,Stu33,M,ME,15A033,123456,15,A
15A034,Stu34,F,MATH,15A034,123456,15,A
15A035,Stu35,M,PHYS,15A035,123456,15,A
15A036,Stu36,F,CS,15A036,123456,15,A
15A037,Stu37,M,EE,15A037,123456,15,A
15A038,Stu38,F,ME,15A038,123456,15,A
15A039,Stu39,M,MATH,15A039,123456,15,A
15A040,Stu40,F,PHYS,15A040,123456,15,A
15A041,Stu41,M,CS,15A041,123456,15,A
15A042,Stu42,F,EE,15A042,123456,15,A
15A043,Stu43,M,ME,15A043,123456,15,A
15A044,Stu44,F,MATH,15A044,123456,15,A
15A045,Stu45,M,PHYS,15A045,123456,15,A
15A046,Stu46,F,CS,15A046,123456,15,A
15A047,Stu47,M,EE,15A047,123456,15,A
15A048,Stu48,F,ME,15A048,123456,15,A
15A049,Stu49,M,MATH,15A049,123456,15,A
15A050,Stu50,F,PHYS,15A050,123456,15,A
15B001,Stu1,M,EE,15B001,123456,15,B
15B002,Stu2,F,COMM,15B002,123456,15,B
15B003,Stu3,M,AUTO,15B003,123456,15,B
15B004,Stu4,F,PHYS,15B004,123456,15,B
15B005,Stu5,M,MATH,15B005,123456,15,B
15B006,Stu6,F,EE,15B006,123456,15,B
15B007,Stu7,M,COMM,15B007,123456,15,B
15B008,Stu8,F,AUTO,15B008,123456,15,B
15B009,Stu9,M,PHYS,15B009,123456,15,B
15B010,Stu10,F,MATH,15B010,123456,15,B
15B011,Stu11,M,EE,15B011,123456,15,B
15B012,Stu12,F,COMM,15B012,123456,15,B
15B013,Stu13,M,AUTO,15B013,123456,15,B
15B014,Stu14,F,PHYS,15B014,123456,15,B
15B015,Stu15,M,MATH,15B015,123456,15,B
15B016,Stu16,F,EE,15B016,123456,15,B
15B017,Stu17,M,COMM,15B017,123456,15,B
15B018,Stu18,F,AUTO,15B018,123456,15,B
15B019,Stu19,M,PHYS,15B019,123456,15,B
15B020,Stu20,F,MATH,15B020,123456,15,B
15B021,Stu21,M,EE,15B021,123456,15,B
15B022,Stu22,F,COMM,15B022,123456,15,B
15B023,Stu23,M,AUTO,15B023,123456,15,B
15B024,Stu24,F,PHYS,15B024,123456,15,B
15B025,Stu25,M,MATH,15B025,123456,15,B
15B026,Stu26,F,EE,15B026,123456,15,B
15B027,Stu27,M,COMM,15B027,123456,15,B
15B028,Stu28,F,AUTO,15B028,123456,15,B
15B029,Stu29,M,PHYS,15B029,123456,15,B
15B030,Stu30,F,MATH,15B030,123456,15,B
15B031,Stu31,M,EE,15B031,123456,15,B
15B032,Stu32,F,COMM,15B032,123456,15,B
15B033,Stu33,M,AUTO,15B033,123456,15,B
15B034,Stu34,F,PHYS,15B034,123456,15,B
15B035,Stu35,M,MATH,15B035,123456,15,B
15B036,Stu36,F,EE,15B036,123456,15,B
15B037,Stu37,M,COMM,15B037,123456,15,B
15B038,Stu38,F,AUTO,15B038,123456,15,B
15B039,Stu39,M,PHYS,15B039,123456,15,B
15B040,Stu40,F,MATH,15B040,123456,15,B
15B041,Stu41,M,EE,15B041,123456,15,B
15B042,Stu42,F,COMM,15B042,123456,15,B
15B043,Stu43,M,AUTO,15B043,123456,15,B
15B044,Stu44,F,PHYS,15B044,123456,15,B
15B045,Stu45,M,MATH,15B045,123456,15,B
15B046,Stu46,F,EE,15B046,123456,15,B
15B047,Stu47,M,COMM,15B047,123456,15,B
15B048,Stu48,F,AUTO,15B048,123456,15,B
15B049,Stu49,M,PHYS,15B049,123456,15,B
15B050,Stu50,F,MATH,15B050,123456,15,B
15C001,Stu1,M,MATH,15C001,123456,15,C
15C002,Stu2,F,STAT,15C002,123456,15,C
15C003,Stu3,M,AMATH,15C003,123456,15,C
15C004,Stu4,F,INFO,15C004,123456,15,C
15C005,Stu5,M,OR,15C005,123456,15,C
15C006,Stu6,F,MATH,15C006,123456,15,C
15C007,Stu7,M,STAT,15C007,123456,15,C
15C008,Stu8,F,AMATH,15C008,123456,15,C
15C009,Stu9,M,INFO,15C009,123456,15,C
15C010,Stu10,F,OR,15C010,123456,15,C
15C011,Stu11,M,MATH,15C011,123456,15,C
15C012,Stu12,F,STAT,15C012,123456,15,C
15C013,Stu13,M,AMATH,15C013,123456,15,C
15C014,Stu14,F,INFO,15C014,123456,15,C
15C015,Stu15,M,OR,15C015,123456,15,C
15C016,Stu16,F,MATH,15C016,123456,15,C
15C017,Stu17,M,STAT,15C017,123456,15,C
15C018,Stu18,F,AMATH,15C018,123456,15,C
15C019,Stu19,M,INFO,15C019,123456,15,C
15C020,Stu20,F,OR,15C020,123456,15,C
15C021,Stu21,M,MATH,15C021,123456,15,C
15C022,Stu22,F,STAT,15C022,123456,15,C
15C023,Stu23,M,AMATH,15C023,123456,15,C
15C024,Stu24,F,INFO,15C024,123456,15,C
15C025,Stu25,M,OR,15C025,123456,15,C
15C026,Stu26,F,MATH,15C026,123456,15,C
15C027,Stu27,M,STAT,15C027,123456,15,C
15C028,Stu28,F,AMATH,15C028,123456,15,C
15C029,Stu29,M,INFO,15C029,123456,15,C
15C030,Stu30,F,OR,15C030,123456,15,C
15C031,Stu31,M,MATH,15C031,123456,15,C
15C032,Stu32,F,STAT,15C032,123456,15,C
15C033,Stu33,M,AMATH,15C033,123456,15,C
15C034,Stu34,F,INFO,15C034,123456,15,C
15C035,Stu35,M,OR,15C035,123456,15,C
15C036,Stu36,F,MATH,15C036,123456,15,C
15C037,Stu37,M,STAT,15C037,123456,15,C
15C038,Stu38,F,AMATH,15C038,123456,15,C
15C039,Stu39,M,INFO,15C039,123456,15,C
15C040,Stu40,F,OR,15C040,123456,15,C
15C041,Stu41,M,MATH,15C041,123456,15,C
15C042,Stu42,F,STAT,15C042,123456,15,C
15C043,Stu43,M,AMATH,15C043,123456,15,C
15C044,Stu44,F,INFO,15C044,123456,15,C
15C045,Stu45,M,OR,15C045,123456,15,C
15C046,Stu46,F,MATH,15C046,123456,15,C
15C047,Stu47,M,STAT,15C047,123456,15,C
15C048,Stu48,F,AMATH,15C048,123456,15,C
15C049,Stu49,M,INFO,15C049,123456,15,C
15C050,Stu50,F,OR,15C050,123456,15,C
16B001,学生B_1,男,计算机,16B001,b00100,16,B
16B002,学生B_2,女,软工,16B002,b00200,16,B
16B003,学生B_3,男,网安,16B003,b00300,16,B
16B004,学生B_4,女,计算机,16B004,b00400,16,B
16B005,学生B_5,男,软工,16B005,b00500,16,B
16B006,学生B_6,女,网安,16B006,b00600,16,B
16B007,学生B_7,男,计算机,16B007,b00700,16,B
16B008,学生B_8,女,软工,16B008,b00800,16,B
16B009,学生B_9,男,网安,16B009,b00900,16,B
16B010,学生B_10,女,计算机,16B010,b01000,16,B
16B011,学生B_11,男,软工,16B011,b01100,16,B
16B012,学生B_12,女,网安,16B012,b01200,16,B
16B013,学生B_13,男,计算机,16B013,b01300,16,B
16B014,学生B_14,女,软工,16B014,b01400,16,B
16B015,学生B_15,男,网安,16B015,b01500,16,B
16B016,学生B_16,女,计算机,16B016,b01600,16,B
16B017,学生B_17,男,软工,16B017,b01700,16,B
16B018,学生B_18,女,网安,16B018,b01800,16,B
16B019,学生B_19,男,计算机,16B019,b01900,16,B
16B020,学生B_20,女,软工,16B020,b02000,16,B
16B021,学生B_21,男,网安,16B021,b02100,16,B
16B022,学生B_22,女,计算机,16B022,b02200,16,B
16B023,学生B_23,男,软工,16B023,b02300,16,B
16B024,学生B_24,女,网安,16B024,b02400,16,B
16B025,学生B_25,男,计算机,16B025,b02500,16,B
16B026,学生B_26,女,软工,16B026,b02600,16,B
16B027,学生B_27,男,网安,16B027,b02700,16,B
16B028,学生B_28,女,计算机,16B028,b02800,16,B
16B029,学生B_29,男,软工,16B029,b02900,16,B
16B030,学生B_30,女,网安,16B030,b03000,16,B
16B031,学生B_31,男,计算机,16B031,b03100,16,B
16B032,学生B_32,女,软工,16B032,b03200,16,B
16B033,学生B_33,男,网安,16B033,b03300,16,B
16B034,学生B_34,女,计算机,16B034,b03400,16,B
16B035,学生B_35,男,软工,16B035,b03500,16,B
16B036,学生B_36,女,网安,16B036,b03600,16,B
16B037,学生B_37,男,计算机,16B037,b03700,16,B
16B038,学生B_38,女,软工,16B038,b03800,16,B
16B039,学生B_39,男,网安,16B039,b03900,16,B
16B040,学生B_40,女,计算机,16B040,b04000,16,B
16B041,学生B_41,男,软工,16B041,b04100,16,B
16B042,学生B_42,女,网安,16B042,b04200,16,B
16B043,学生B_43,男,计算机,16B043,b04300,16,B
16B044,学生B_44,女,软工,16B044,b04400,16,B
16B045,学生B_45,男,网安,16B045,b04500,16,B
16B046,学生B_46,女,计算机,16B046,b04600,16,B
16B047,学生B_47,男,软工,16B047,b04700,16,B
16B048,学生B_48,女,网安,16B048,b04800,16,B
16B049,学生B_49,男,计算机,16B049,b04900,16,B
16B050,学生B_50,女,软工,16B050,b05000,16,B
16C001,赵明,M,计科,16C001,c00100,16,C
16C002,钱丽,F,软工,16C002,c00200,16,C
16C003,孙伟,M,计科,16C003,c00300,16,C
16C004,李芳,F,网安,16C004,c00400,16,C
16C005,周强,M,软工,16C005,c00500,16,C
16C006,吴敏,F,计科,16C006,c00600,16,C
16C007,郑涛,M,网安,16C007,c00700,16,C
16C008,王静,F,计科,16C008,c00800,16,C
16C009,冯杰,M,软工,16C009,c00900,16,C
16C010,陈燕,F,网安,16C010,c01000,16,C
16C011,褚磊,M,计科,16C011,c01100,16,C
16C012,卫萍,F,软工,16C012,c01200,16,C
16C013,蒋波,M,网安,16C013,c01300,16,C
16C014,沈霞,F,计科,16C014,c01400,16,C
16C015,韩超,M,软工,16C015,c01500,16,C
16C016,杨洁,F,网安,16C016,c01600,16,C
16C017,朱鹏,M,计科,16C017,c01700,16,C
16C018,秦璐,F,软工,16C018,c01800,16,C
16C019,尤刚,M,网安,16C019,c01900,16,C
16C020,许颖,F,计科,16C020,c02000,16,C
16C021,何勇,M,软工,16C021,c02100,16,C
16C022,吕婷,F,网安,16C022,c02200,16,C
16C023,施飞,M,计科,16C023,c02300,16,C
16C024,张琳,F,软工,16C024,c02400,16,C
16C025,孔辉,M,网安,16C025,c02500,16,C
16C026,曹倩,F,计科,16C026,c02600,16,C
16C027,严军,M,软工,16C027,c02700,16,C
16C028,华莎,F,网安,16C028,c02800,16,C
16C029,金毅,M,计科,16C029,c02900,16,C
16C030,魏蓉,F,软工,16C030,c03000,16,C
16C031,陶亮,M,网安,16C031,c03100,16,C
16C032,姜薇,F,计科,16C032,c03200,16,C
16C033,戚峰,M,软工,16C033,c03300,16,C
16C034,谢丹,F,网安,16C034,c03400,16,C
16C035,邹斌,M,计科,16C035,c03500,16,C
16C036,喻蕾,F,软工,16C036,c03600,16,C
16C037,柏威,M,网安,16C037,c03700,16,C
16C038,水莹,F,计科,16C038,c03800,16,C
16C039,窦龙,M,软工,16C039,c03900,16,C
16C040,章雯,F,网安,16C040,c04000,16,C
16C041,云鑫,M,计科,16C041,c04100,16,C
16C042,苏瑶,F,软工,16C042,c04200,16,C
16C043,潘虎,M,网安,16C043,c04300,16,C
16C044,葛虹,F,计科,16C044,c04400,16,C
16C045,奚骏,M,软工,16C045,c04500,16,C
16C046,范颖,F,网安,16C046,c04600,16,C
16C047,彭翔,M,计科,16C047,c04700,16,C
16C048,郎莹,F,软工,16C048,c04800,16,C
16C049,鲁凯,M,网安,16C049,c04900,16,C
16C050,韦晶,F,计科,16C050,c05000,16,C
202200000003,赵安然,男,学院A,acc0000003,123456,18,A
202200000006,郑安然,女,学院A,acc0000006,123456,18,A
202200000009,张安然,男,学院A,acc0000009,123456,18,A
202200000012,陈子昂,女,学院A,acc0000012,123456,18,A
202200000015,吴子昂,男,学院A,acc0000015,123456,18,A
202200000018,李子昂,女,学院A,acc0000018,123456,18,A
202200000021,林明轩,男,学院A,acc0000021,123456,18,A
202200000024,周明轩,女,学院A,acc0000024,123456,18,A
202200000027,王明轩,男,学院A,acc0000027,123456,18,A
202200000030,刘明轩,女,学院A,acc0000030,123456,18,A
202200000033,赵清越,男,学院A,acc0000033,123456,18,A
202200000036,郑清越,女,学院A,acc0000036,123456,18,A
202200000039,张清越,男,学院A,acc0000039,123456,18,A
202200000042,陈星河,女,学院A,acc0000042,123456,18,A
202200000045,吴星河,男,学院A,acc0000045,123456,18,A
202200000048,李星河,女,学院A,acc0000048,123456,18,A
202200001,周景文,男,学院B,bacc000001,123456,18,B
202200003,陈知夏,男,学院C,202200003,123456,18,C
202200004,赵景文,女,学院B,bacc000004,123456,18,B
202200006,王知夏,女,学院C,202200006,123456,18,C
202200007,刘景文,男,学院B,bacc000007,123456,18,B
202200009,吴知夏,男,学院C,202200009,123456,18,C
202200010,郑景文,女,学院B,bacc000010,123456,18,B
202200012,林青岚,女,学院C,202200012,123456,18,C
202200013,陈若帆,男,学院B,bacc000013,123456,18,B
202200015,李青岚,男,学院C,202200015,123456,18,C
202200016,王若帆,女,学院B,bacc000016,123456,18,B
202200018,张青岚,女,学院C,202200018,123456,18,C
202200019,吴若帆,男,学院B,bacc000019,123456,18,B
202200021,苏慕白,男,学院C,202200021,123456,18,C
202200022,林嘉仪,女,学院B,bacc000022,123456,18,B
202200024,赵慕白,女,学院C,202200024,123456,18,C
202200025,李嘉仪,男,学院B,bacc000025,123456,18,B
202200027,刘慕白,男,学院C,202200027,123456,18,C
202200028,张嘉仪,女,学院B,bacc000028,123456,18,B
202200030,郑慕白,女,学院C,202200030,123456,18,C
202200031,周思衡,男,学院B,bacc000031,123456,18,B
202200033,陈念初,男,学院C,202200033,123456,18,C
202200034,赵思衡,女,学院B,bacc000034,123456,18,B
202200036,王念初,女,学院C,202200036,123456,18,C
202200037,刘思衡,男,学院B,bacc000037,123456,18,B
202200039,吴念初,男,学院C,202200039,123456,18,C
202200040,郑思衡,女,学院B,bacc000040,123456,18,B
202200042,林云舟,女,学院C,202200042,123456,18,C
202200043,陈明达,男,学院B,bacc000043,123456,18,B
202200045,李云舟,男,学院C,202200045,123456,18,C
202200046,王明达,女,学院B,bacc000046,123456,18,B
202200048,张云舟,女,学院C,202200048,123456,18,C
202200049,吴明达,男,学院B,bacc000049,123456,18,B
202300000001,林安然,男,学院A,acc0000001,123456,18,A
202300000004,周安然,女,学院A,acc0000004,123456,18,A
202300000007,王安然,男,学院A,acc0000007,123456,18,A
202300000010,刘安然,女,学院A,acc0000010,123456,18,A
202300000013,赵子昂,男,学院A,acc0000013,123456,18,A
202300000016,郑子昂,女,学院A,acc0000016,123456,18,A
202300000019,张子昂,男,学院A,acc0000019,123456,18,A
202300000022,陈明轩,女,学院A,acc0000022,123456,18,A
202300000025,吴明轩,男,学院A,acc0000025,123456,18,A
202300000028,李明轩,女,学院A,acc0000028,123456,18,A
202300000031,林清越,男,学院A,acc0000031,123456,18,A
202300000034,周清越,女,学院A,acc0000034,123456,18,A
202300000037,王清越,男,学院A,acc0000037,123456,18,A
202300000040,刘清越,女,学院A,acc0000040,123456,18,A
202300000043,赵星河,男,学院A,acc0000043,123456,18,A
202300000046,郑星河,女,学院A,acc0000046,123456,18,A
202300000049,张星河,男,学院A,acc0000049,123456,18,A
202300001,苏知夏,男,学院C,202300001,123456,18,C
202300002,林景文,女,学院B,bacc000002,123456,18,B
202300004,赵知夏,女,学院C,202300004,123456,18,C
202300005,李景文,男,学院B,bacc000005,123456,18,B
202300007,刘知夏,男,学院C,202300007,123456,18,C
202300008,张景文,女,学院B,bacc000008,123456,18,B
202300010,郑知夏,女,学院C,202300010,123456,18,C
202300011,周若帆,男,学院B,bacc000011,123456,18,B
202300013,陈青岚,男,学院C,202300013,123456,18,C
202300014,赵若帆,女,学院B,bacc000014,123456,18,B
202300016,王青岚,女,学院C,202300016,123456,18,C
202300017,刘若帆,男,学院B,bacc000017,123456,18,B
202300019,吴青岚,男,学院C,202300019,123456,18,C
202300020,郑若帆,女,学院B,bacc000020,123456,18,B
202300022,林慕白,女,学院C,202300022,123456,18,C
202300023,陈嘉仪,男,学院B,bacc000023,123456,18,B
202300025,李慕白,男,学院C,202300025,123456,18,C
202300026,王嘉仪,女,学院B,bacc000026,123456,18,B
202300028,张慕白,女,学院C,202300028,123456,18,C
202300029,吴嘉仪,男,学院B,bacc000029,123456,18,B
202300031,苏念初,男,学院C,202300031,123456,18,C
202300032,林思衡,女,学院B,bacc000032,123456,18,B
202300034,赵念初,女,学院C,202300034,123456,18,C
202300035,李思衡,男,学院B,bacc000035,123456,18,B
202300037,刘念初,男,学院C,202300037,123456,18,C
202300038,张思衡,女,学院B,bacc000038,123456,18,B
202300040,郑念初,女,学院C,202300040,123456,18,C
202300041,周明达,男,学院B,bacc000041,123456,18,B
202300043,陈云舟,男,学院C,202300043,123456,18,C
202300044,赵明达,女,学院B,bacc000044,123456,18,B
202300046,王云舟,女,学院C,202300046,123456,18,C
202300047,刘明达,男,学院B,bacc000047,123456,18,B
202300049,吴云舟,男,学院C,202300049,123456,18,C
202300050,郑明达,女,学院B,bacc000050,123456,18,B
202400000002,陈安然,女,学院A,acc0000002,123456,18,A
202400000005,吴安然,男,学院A,acc0000005,123456,18,A
202400000008,李安然,女,学院A,acc0000008,123456,18,A
202400000011,林子昂,男,学院A,acc0000011,123456,18,A
202400000014,周子昂,女,学院A,acc0000014,123456,18,A
202400000017,王子昂,男,学院A,acc0000017,123456,18,A
202400000020,刘子昂,女,学院A,acc0000020,123456,18,A
202400000023,赵明轩,男,学院A,acc0000023,123456,18,A
202400000026,郑明轩,女,学院A,acc0000026,123456,18,A
202400000029,张明轩,男,学院A,acc0000029,123456,18,A
202400000032,陈清越,女,学院A,acc0000032,123456,18,A
202400000035,吴清越,男,学院A,acc0000035,123456,18,A
202400000038,李清越,女,学院A,acc0000038,123456,18,A
202400000041,林星河,男,学院A,acc0000041,123456,18,A
202400000044,周星河,女,学院A,acc0000044,123456,18,A
202400000047,王星河,男,学院A,acc0000047,123456,18,A
202400000050,刘星河,女,学院A,acc0000050,123456,18,A
202400002,林知夏,女,学院C,202400002,123456,18,C
202400003,陈景文,男,学院B,bacc000003,123456,18,B
202400005,李知夏,男,学院C,202400005,123456,18,C
202400006,王景文,女,学院B,bacc000006,123456,18,B
202400008,张知夏,女,学院C,202400008,123456,18,C
202400009,吴景文,男,学院B,bacc000009,123456,18,B
202400011,苏青岚,男,学院C,202400011,123456,18,C
202400012,林若帆,女,学院B,bacc000012,123456,18,B
202400014,赵青岚,女,学院C,202400014,123456,18,C
202400015,李若帆,男,学院B,bacc000015,123456,18,B
202400017,刘青岚,男,学院C,202400017,123456,18,C
202400018,张若帆,女,学院B,bacc000018,123456,18,B
202400020,郑青岚,女,学院C,202400020,123456,18,C
202400021,周嘉仪,男,学院B,bacc000021,123456,18,B
202400023,陈慕白,男,学院C,202400023,123456,18,C
202400024,赵嘉仪,女,学院B,bacc000024,123456,18,B
202400026,王慕白,女,学院C,202400026,123456,18,C
202400027,刘嘉仪,男,学院B,bacc000027,123456,18,B
202400029,吴慕白,男,学院C,202400029,123456,18,C
202400030,郑嘉仪,女,学院B,bacc000030,123456,18,B
202400032,林念初,女,学院C,202400032,123456,18,C
202400033,陈思衡,男,学院B,bacc000033,123456,18,B
202400035,李念初,男,学院C,202400035,123456,18,C
202400036,王思衡,女,学院B,bacc000036,123456,18,B
202400038,张念初,女,学院C,202400038,123456,18,C
202400039,吴思衡,男,学院B,bacc000039,123456,18,B
202400041,苏云舟,男,学院C,202400041,123456,18,C
202400042,林明达,女,学院B,bacc000042,123456,18,B
202400044,赵云舟,女,学院C,202400044,123456,18,C
202400045,李明达,男,学院B,bacc000045,123456,18,B
202400047,刘云舟,男,学院C,202400047,123456,18,C
202400048,张明达,女,学院B,bacc000048,123456,18,B
202400050,郑云舟,女,学院C,202400050,123456,18,C
B001,Fiona,F,Comm,B001,123456,19,B
B002,Steven,M,Auto,B002,123456,19,B
B003,Faith,F,Comm,B003,123456,19,B
B004,James,M,Comm,B004,123456,19,B
B005,Tom,M,Micro,B005,123456,19,B
B006,Eric,M,EE,B006,123456,19,B
B007,Bruce,M,Micro,B007,123456,19,B
B008,David,M,Comm,B008,123456,19,B
B009,Max,M,EE,B009,123456,19,B
B010,Rita,F,Opto,B010,123456,19,B
B011,Beth,F,Auto,B011,123456,19,B
B012,Thomas,M,Micro,B012,123456,19,B
B013,Sam,M,Auto,B013,123456,19,B
B014,David,M,Opto,B014,123456,19,B
B015,Earl,M,Opto,B015,123456,19,B
B016,Ella,F,Auto,B016,123456,19,B
B017,Leah,F,Comm,B017,123456,19,B
B018,Mia,F,Comm,B018,123456,19,B
B019,Kate,F,Auto,B019,123456,19,B
B020,James,M,Comm,B020,123456,19,B
B021,Noel,M,EE,B021,123456,19,B
B022,Andrew,M,Comm,B022,123456,19,B
B023,Ivan,M,Comm,B023,123456,19,B
B024,Hugo,M,Comm,B024,123456,19,B
B025,Grace,F,Auto,B025,123456,19,B
B026,John,M,Opto,B026,123456,19,B
B027,David,M,Opto,B027,123456,19,B
B028,Ivan,M,Opto,B028,123456,19,B
B029,Tim,M,Opto,B029,123456,19,B
B030,Tim,M,Comm,B030,123456,19,B
B031,Fiona,F,Comm,B031,123456,19,B
B032,Susan,F,EE,B032,123456,19,B
B033,Grace,F,Opto,B033,123456,19,B
B034,Ann,F,Opto,B034,123456,19,B
B035,Kate,F,Opto,B035,123456,19,B
B036,Emily,F,Comm,B036,123456,19,B
B037,Ian,M,Micro,B037,123456,19,B
B038,Gina,F,EE,B038,123456,19,B
B039,Lisa,F,Opto,B039,123456,19,B
B040,Alan,M,Micro,B040,123456,19,B
B041,Pam,F,EE,B041,123456,19,B
B042,Brian,M,Opto,B042,123456,19,B
B043,Nancy,F,Opto,B043,123456,19,B
B044,Eric,M,Micro,B044,123456,19,B
B045,Emily,F,Opto,B045,123456,19,B
B046,Eva,F,Micro,B046,123456,19,B
B047,Tina,F,Opto,B047,123456,19,B
B048,William,M,Micro,B048,123456,19,B
B049,William,M,EE,B049,123456,19,B
B050,Steven,M,Opto,B050,123456,19,B
C001,Fiona,F,ME,C001,123456,19,C
C002,Olga,F,ChE,C002,123456,19,C
C003,Brian,M,ChE,C003,123456,19,C
C004,Lisa,F,ME,C004,123456,19,C
C005,Leo,M,EnvE,C005,123456,19,C
C006,Susan,F,ME,C006,123456,19,C
C007,Kevin,M,CE,C007,123456,19,C
C008,Quinn,M,EnvE,C008,123456,19,C
C009,Betty,F,EnvE,C009,123456,19,C
C010,Phil,M,EnvE,C010,123456,19,C
C011,Steven,M,EnvE,C011,123456,19,C
C012,Henry,M,MS,C012,123456,19,C
C013,Earl,M,EnvE,C013,123456,19,C
C014,Frank,M,ChE,C014,123456,19,C
C015,Noel,M,ChE,C015,123456,19,C
C016,Kevin,M,EnvE,C016,123456,19,C
C017,Olga,F,MS,C017,123456,19,C
C018,Hana,F,CE,C018,123456,19,C
C019,Max,M,CE,C019,123456,19,C
C020,Peter,M,MS,C020,123456,19,C
C021,Amy,F,ChE,C021,123456,19,C
C022,Helen,F,CE,C022,123456,19,C
C023,Andrew,M,ME,C023,123456,19,C
C024,Frank,M,ChE,C024,123456,19,C
C025,Hugo,M,CE,C025,123456,19,C
C026,Vera,F,CE,C026,123456,19,C
C027,Cathy,F,CE,C027,123456,19,C
C028,Leah,F,EnvE,C028,123456,19,C
C029,Helen,F,EnvE,C029,123456,19,C
C030,Eve,F,CE,C030,123456,19,C
C031,Phil,M,CE,C031,123456,19,C
C032,Betty,F,CE,C032,123456,19,C
C033,Zoe,F,ME,C033,123456,19,C
C034,Vera,F,ChE,C034,123456,19,C
C035,Gail,F,CE,C035,123456,19,C
C036,Betty,F,ME,C036,123456,19,C
C037,John,M,MS,C037,123456,19,C
C038,Mary,F,EnvE,C038,123456,19,C
C039,Beth,F,CE,C039,123456,19,C
C040,Ann,F,EnvE,C040,123456,19,C
C041,Ben,M,ME,C041,123456,19,C
C042,Hope,F,EnvE,C042,123456,19,C
C043,Quinn,M,CE,C043,123456,19,C
C044,Nick,M,EnvE,C044,123456,19,C
C045,Ivan,M,ChE,C045,123456,19,C
C046,Karen,F,ChE,C046,123456,19,C
C047,Vera,F,CE,C047,123456,19,C
C048,Wendy,F,EnvE,C048,123456,19,C
C049,Tina,F,MS,C049,123456,19,C
C050,Dan,M,CE,C050,123456,19,C
B051,丁帆,M,会计学,B051,123456,2,B
B052,胡文博,M,会计学,B052,123456,2,B
B053,陈诗琪,F,会计学,B053,123456,2,B
B054,华静怡,F,会计学,B054,123456,2,B
B055,马天,M,会计学,B055,123456,2,B
B056,魏帆,M,国际贸易,B056,123456,2,B
B057,曹昊,M,国际贸易,B057,123456,2,B
B058,魏昊然,M,国际贸易,B058,123456,2,B
B059,郑宇,M,国际贸易,B059,123456,2,B
B060,袁子轩,M,国际贸易,B060,123456,2,B
B061,储宇航,M,国际贸易,B061,123456,2,B
B062,封悦,F,国际贸易,B062,123456,2,B
B063,储卓,M,国际贸易,B063,123456,2,B
B064,熊琳,F,国际贸易,B064,123456,2,B
B065,储悦,F,国际贸易,B065,123456,2,B
B066,崔瑶,F,社会学,B066,123456,2,B
B067,芮凯,M,社会学,B067,123456,2,B
B068,杨华,F,社会学,B068,123456,2,B
B069,冯雪,F,社会学,B069,123456,2,B
B070,余芳,F,社会学,B070,123456,2,B
B071,蒋静,F,社会学,B071,123456,2,B
B072,许露,F,社会学,B072,123456,2,B
B073,王鹏飞,M,社会学,B073,123456,2,B
B074,吕娜,F,社会学,B074,123456,2,B
B075,程思琪,F,社会学,B075,123456,2,B
B076,程诗琪,F,心理学,B076,123456,2,B
B077,钟婷,F,心理学,B077,123456,2,B
B078,韩飞,M,心理学,B078,123456,2,B
B079,贾卓,M,心理学,B079,123456,2,B
B080,崔嘉伟,M,心理学,B080,123456,2,B
B081,田帆,M,心理学,B081,123456,2,B
B082,金凯,M,心理学,B082,123456,2,B
B083,芮婷,F,心理学,B083,123456,2,B
B084,吴可馨,F,心理学,B084,123456,2,B
B085,韩强,M,心理学,B085,123456,2,B
B086,邹露,F,新闻传播学,B086,123456,2,B
B087,谭露,F,新闻传播学,B087,123456,2,B
B088,潘雨欣,F,新闻传播学,B088,123456,2,B
B089,何露,F,新闻传播学,B089,123456,2,B
B090,姚勋,M,新闻传播学,B090,123456,2,B
B091,苏丽,F,新闻传播学,B091,123456,2,B
B092,唐卓,M,新闻传播学,B092,123456,2,B
B093,傅涛,M,新闻传播学,B093,123456,2,B
B094,罗浩,M,新闻传播学,B094,123456,2,B
B095,熊雷,M,新闻传播学,B095,123456,2,B
B096,封杰,M,公共管理,B096,123456,2,B
B097,袁明,M,公共管理,B097,123456,2,B
B098,金晶,F,公共管理,B098,123456,2,B
B099,韩子谦,M,公共管理,B099,123456,2,B
B100,肖静怡,F,公共管理,B100,123456,2,B
B101,蒋天,M,公共管理,B101,123456,2,B
B102,金慧,F,公共管理,B102,123456,2,B
B103,秦勋,M,公共管理,B103,123456,2,B
B104,肖勋,M,公共管理,B104,123456,2,B
B105,廖涛,M,公共管理,B105,123456,2,B
B106,邓悦,F,教育学,B106,123456,2,B
B107,封露,F,教育学,B107,123456,2,B
B108,丁娜,F,教育学,B108,123456,2,B
B109,金梦瑶,F,教育学,B109,123456,2,B
B110,钟俊杰,M,教育学,B110,123456,2,B
B111,石婷,F,教育学,B111,123456,2,B
B112,崔露,F,教育学,B112,123456,2,B
B113,张琳,F,教育学,B113,123456,2,B
B114,吴芳,F,教育学,B114,123456,2,B
B115,徐思琪,F,教育学,B115,123456,2,B
B116,程嘉伟,M,教育学,B116,123456,2,B
B117,张静,F,教育学,B117,123456,2,B
B118,吕梦,F,教育学,B118,123456,2,B
B119,魏宇航,M,教育学,B119,123456,2,B
B120,熊勋,M,教育学,B120,123456,2,B
C051,苏超,M,机器人工程,C051,123456,2,C
C052,彭俊杰,M,机器人工程,C052,123456,2,C
C053,马诗琪,F,机器人工程,C053,123456,2,C
C054,石浩,M,机器人工程,C054,123456,2,C
C055,高超,M,机器人工程,C055,123456,2,C
C056,沈勋,M,机器人工程,C056,123456,2,C
C057,姚家辉,M,机器人工程,C057,123456,2,C
C058,卢杰,M,机器人工程,C058,123456,2,C
C059,何明,M,机器人工程,C059,123456,2,C
C060,韩宇航,M,机器人工程,C060,123456,2,C
C061,郑子谦,M,航空航天工程,C061,123456,2,C
C062,金琳,F,航空航天工程,C062,123456,2,C
C063,肖浩,M,航空航天工程,C063,123456,2,C
C064,吴飞,M,航空航天工程,C064,123456,2,C
C065,芮雷,M,航空航天工程,C065,123456,2,C
C066,王婷,F,航空航天工程,C066,123456,2,C
C067,邹勋,M,航空航天工程,C067,123456,2,C
C068,余文博,M,航空航天工程,C068,123456,2,C
C069,石嘉伟,M,航空航天工程,C069,123456,2,C
C070,常浩,M,航空航天工程,C070,123456,2,C
C071,韩婉,F,生物医学工程,C071,123456,2,C
C072,韩昊然,M,生物医学工程,C072,123456,2,C
C073,储梦瑶,F,生物医学工程,C073,123456,2,C
C074,徐强,M,生物医学工程,C074,123456,2,C
C075,谭昊,M,生物医学工程,C075,123456,2,C
C076,封昊然,M,生物医学工程,C076,123456,2,C
C077,冯轩,M,生物医学工程,C077,123456,2,C
C078,韩露,F,生物医学工程,C078,123456,2,C
C079,谭飞,M,生物医学工程,C079,123456,2,C
C080,储雨桐,F,生物医学工程,C080,123456,2,C
C081,夏卓,M,材料科学与工程,C081,123456,2,C
C082,刘涛,M,材料科学与工程,C082,123456,2,C
C083,封婷,F,材料科学与工程,C083,123456,2,C
C084,卢杰,M,材料科学与工程,C084,123456,2,C
C085,金敏,F,材料科学与工程,C085,123456,2,C
C086,储婷,F,材料科学与工程,C086,123456,2,C
C087,廖梦瑶,F,材料科学与工程,C087,123456,2,C
C088,梁琳,F,材料科学与工程,C088,123456,2,C
C089,芮诗琪,F,材料科学与工程,C089,123456,2,C
C090,石洋,F,材料科学与工程,C090,123456,2,C
C091,冯强,M,应用物理学,C091,123456,2,C
C092,何明,M,应用物理学,C092,123456,2,C
C093,卫飞,M,应用物理学,C093,123456,2,C
C094,余宇,M,应用物理学,C094,123456,2,C
C095,谭诗涵,F,应用物理学,C095,123456,2,C
C096,王瑶,F,应用物理学,C096,123456,2,C
C097,夏晶,F,应用物理学,C097,123456,2,C
C098,吕悦,F,应用物理学,C098,123456,2,C
C099,彭天,M,应用物理学,C099,123456,2,C
C100,苏可馨,F,应用物理学,C100,123456,2,C
C101,姚涛,M,应用物理学,C101,123456,2,C
C102,范静,F,应用物理学,C102,123456,2,C
C103,田嘉伟,M,应用物理学,C103,123456,2,C
C104,张帆,M,应用物理学,C104,123456,2,C
C105,范峰,M,应用物理学,C105,123456,2,C
C106,杨家辉,M,环境工程,C106,123456,2,C
C107,韩雷,M,环境工程,C107,123456,2,C
C108,罗芳,F,环境工程,C108,123456,2,C
C109,姚志远,M,环境工程,C109,123456,2,C
C110,潘婷,F,环境工程,C110,123456,2,C
C111,封梦,F,环境工程,C111,123456,2,C
C112,杨悦,F,环境工程,C112,123456,2,C
C113,何嘉伟,M,环境工程,C113,123456,2,C
C114,程强,M,环境工程,C114,123456,2,C
C115,朱诗琪,F,环境工程,C115,123456,2,C
C116,胡飞,M,环境工程,C116,123456,2,C
C117,秦轩,M,环境工程,C117,123456,2,C
C118,崔飞,M,环境工程,C118,123456,2,C
C119,曹洋,M,环境工程,C119,123456,2,C
C120,许昊然,M,环境工程,C120,123456,2,C
C2024021,施一,男,计算机系,C2024021,pw021,221250099,C
B2026001,B学生01,男,学院B,B2026001,123456,25,B
B2026002,B学生02,女,学院B,B2026002,123456,25,B
B2026003,B学生03,男,学院B,B2026003,123456,25,B
B2026004,B学生04,女,学院B,B2026004,123456,25,B
B2026005,B学生05,男,学院B,B2026005,123456,25,B
B2026006,B学生06,女,学院B,B2026006,123456,25,B
B2026007,B学生07,男,学院B,B2026007,123456,25,B
B2026008,B学生08,女,学院B,B2026008,123456,25,B
B2026009,B学生09,男,学院B,B2026009,123456,25,B
B2026010,B学生10,女,学院B,B2026010,123456,25,B
B2026011,B学生11,男,学院B,B2026011,123456,25,B
B2026012,B学生12,女,学院B,B2026012,123456,25,B
B2026013,B学生13,男,学院B,B2026013,123456,25,B
B2026014,B学生14,女,学院B,B2026014,123456,25,B
B2026015,B学生15,男,学院B,B2026015,123456,25,B
B2026016,B学生16,女,学院B,B2026016,123456,25,B
B2026017,B学生17,男,学院B,B2026017,123456,25,B
B2026018,B学生18,女,学院B,B2026018,123456,25,B
B2026019,B学生19,男,学院B,B2026019,123456,25,B
B2026020,B学生20,女,学院B,B2026020,123456,25,B
B2026021,B学生21,男,学院B,B2026021,123456,25,B
B2026022,B学生22,女,学院B,B2026022,123456,25,B
B2026023,B学生23,男,学院B,B2026023,123456,25,B
B2026024,B学生24,女,学院B,B2026024,123456,25,B
B2026025,B学生25,男,学院B,B2026025,123456,25,B
B2026026,B学生26,女,学院B,B2026026,123456,25,B
B2026027,B学生27,男,学院B,B2026027,123456,25,B
B2026028,B学生28,女,学院B,B2026028,123456,25,B
B2026029,B学生29,男,学院B,B2026029,123456,25,B
B2026030,B学生30,女,学院B,B2026030,123456,25,B
B2026031,B学生31,男,学院B,B2026031,123456,25,B
B2026032,B学生32,女,学院B,B2026032,123456,25,B
B2026033,B学生33,男,学院B,B2026033,123456,25,B
B2026034,B学生34,女,学院B,B2026034,123456,25,B
B2026035,B学生35,男,学院B,B2026035,123456,25,B
B2026036,B学生36,女,学院B,B2026036,123456,25,B
B2026037,B学生37,男,学院B,B2026037,123456,25,B
B2026038,B学生38,女,学院B,B2026038,123456,25,B
B2026039,B学生39,男,学院B,B2026039,123456,25,B
B2026040,B学生40,女,学院B,B2026040,123456,25,B
B2026041,B学生41,男,学院B,B2026041,123456,25,B
B2026042,B学生42,女,学院B,B2026042,123456,25,B
B2026043,B学生43,男,学院B,B2026043,123456,25,B
B2026044,B学生44,女,学院B,B2026044,123456,25,B
B2026045,B学生45,男,学院B,B2026045,123456,25,B
B2026046,B学生46,女,学院B,B2026046,123456,25,B
B2026047,B学生47,男,学院B,B2026047,123456,25,B
B2026048,B学生48,女,学院B,B2026048,123456,25,B
B2026049,B学生49,男,学院B,B2026049,123456,25,B
B2026050,B学生50,女,学院B,B2026050,123456,25,B
C2026001,C学生01,男,学院C,C2026001,123456,25,C
C2026002,C学生02,女,学院C,C2026002,123456,25,C
C2026003,C学生03,男,学院C,C2026003,123456,25,C
C2026004,C学生04,女,学院C,C2026004,123456,25,C
C2026005,C学生05,男,学院C,C2026005,123456,25,C
C2026006,C学生06,女,学院C,C2026006,123456,25,C
C2026007,C学生07,男,学院C,C2026007,123456,25,C
C2026008,C学生08,女,学院C,C2026008,123456,25,C
C2026009,C学生09,男,学院C,C2026009,123456,25,C
C2026010,C学生10,女,学院C,C2026010,123456,25,C
C2026011,C学生11,男,学院C,C2026011,123456,25,C
C2026012,C学生12,女,学院C,C2026012,123456,25,C
C2026013,C学生13,男,学院C,C2026013,123456,25,C
C2026014,C学生14,女,学院C,C2026014,123456,25,C
C2026015,C学生15,男,学院C,C2026015,123456,25,C
C2026016,C学生16,女,学院C,C2026016,123456,25,C
C2026017,C学生17,男,学院C,C2026017,123456,25,C
C2026018,C学生18,女,学院C,C2026018,123456,25,C
C2026019,C学生19,男,学院C,C2026019,123456,25,C
C2026020,C学生20,女,学院C,C2026020,123456,25,C
C2026021,C学生21,男,学院C,C2026021,123456,25,C
C2026022,C学生22,女,学院C,C2026022,123456,25,C
C2026023,C学生23,男,学院C,C2026023,123456,25,C
C2026024,C学生24,女,学院C,C2026024,123456,25,C
C2026025,C学生25,男,学院C,C2026025,123456,25,C
C2026026,C学生26,女,学院C,C2026026,123456,25,C
C2026027,C学生27,男,学院C,C2026027,123456,25,C
C2026028,C学生28,女,学院C,C2026028,123456,25,C
C2026029,C学生29,男,学院C,C2026029,123456,25,C
C2026030,C学生30,女,学院C,C2026030,123456,25,C
C2026031,C学生31,男,学院C,C2026031,123456,25,C
C2026032,C学生32,女,学院C,C2026032,123456,25,C
C2026033,C学生33,男,学院C,C2026033,123456,25,C
C2026034,C学生34,女,学院C,C2026034,123456,25,C
C2026035,C学生35,男,学院C,C2026035,123456,25,C
C2026036,C学生36,女,学院C,C2026036,123456,25,C
C2026037,C学生37,男,学院C,C2026037,123456,25,C
C2026038,C学生38,女,学院C,C2026038,123456,25,C
C2026039,C学生39,男,学院C,C2026039,123456,25,C
C2026040,C学生40,女,学院C,C2026040,123456,25,C
C2026041,C学生41,男,学院C,C2026041,123456,25,C
C2026042,C学生42,女,学院C,C2026042,123456,25,C
C2026043,C学生43,男,学院C,C2026043,123456,25,C
C2026044,C学生44,女,学院C,C2026044,123456,25,C
C2026045,C学生45,男,学院C,C2026045,123456,25,C
C2026046,C学生46,女,学院C,C2026046,123456,25,C
C2026047,C学生47,男,学院C,C2026047,123456,25,C
C2026048,C学生48,女,学院C,C2026048,123456,25,C
C2026049,C学生49,男,学院C,C2026049,123456,25,C
C2026050,C学生50,女,学院C,C2026050,123456,25,C
1001,钱涛,女,人工智能,1001,123456,27,C
1002,陈静,女,信息安全,1002,123456,27,C
1003,周娟,女,信息安全,1003,123456,27,C
1004,李涛,男,计算机科学,1004,123456,27,C
1005,冯娟,男,人工智能,1005,123456,27,C
1006,陈刚,女,计算机科学,1006,123456,27,C
1007,孙超,男,计算机科学,1007,123456,27,C
1008,褚强,女,计算机科学,1008,123456,27,C
1009,赵超,女,计算机科学,1009,123456,27,C
1010,沈芳,女,计算机科学,1010,123456,27,C
1011,杨秀英,女,计算机科学,1011,123456,27,C
1012,沈刚,女,计算机科学,1012,123456,27,C
1013,王敏,女,信息安全,1013,123456,27,C
1014,周娟,女,信息安全,1014,123456,27,C
1015,赵强,女,软件工程,1015,123456,27,C
1016,周磊,男,软件工程,1016,123456,27,C
1017,韩艳,女,计算机科学,1017,123456,27,C
1018,韩超,男,计算机科学,1018,123456,27,C
1019,周刚,男,人工智能,1019,123456,27,C
1020,李杰,男,软件工程,1020,123456,27,C
1021,蒋洋,男,软件工程,1021,123456,27,C
1022,陈平,女,信息安全,1022,123456,27,C
1023,王娜,女,信息安全,1023,123456,27,C
1024,杨敏,男,人工智能,1024,123456,27,C
1025,韩霞,女,软件工程,1025,123456,27,C
1026,冯伟,男,人工智能,1026,123456,27,C
1027,李军,女,软件工程,1027,123456,27,C
1028,吴勇,女,人工智能,1028,123456,27,C
1029,卫艳,女,人工智能,1029,123456,27,C
1030,韩勇,女,人工智能,1030,123456,27,C
1031,李勇,男,人工智能,1031,123456,27,C
1032,沈明,女,软件工程,1032,123456,27,C
1033,吴娟,女,人工智能,1033,123456,27,C
1034,钱洋,女,人工智能,1034,123456,27,C
1035,周军,男,软件工程,1035,123456,27,C
1036,郑娜,女,计算机科学,1036,123456,27,C
1037,韩艳,女,软件工程,1037,123456,27,C
1038,蒋明,女,计算机科学,1038,123456,27,C
1039,吴刚,男,计算机科学,1039,123456,27,C
1040,褚伟,女,人工智能,1040,123456,27,C
1041,郑勇,男,计算机科学,1041,123456,27,C
1042,吴洋,男,人工智能,1042,123456,27,C
1043,周霞,女,软件工程,1043,123456,27,C
1044,卫霞,女,信息安全,1044,123456,27,C
1045,蒋娟,女,计算机科学,1045,123456,27,C
1046,郑敏,女,人工智能,1046,123456,27,C
1047,卫平,女,人工智能,1047,123456,27,C
1048,杨强,女,计算机科学,1048,123456,27,C
1049,钱平,女,信息安全,1049,123456,27,C
1050,韩霞,男,信息安全,1050,123456,27,C
B2023001,许龙,男,数据科学,B2023001,123456,27,B
B2023002,黄莉,女,计算机科学,B2023002,123456,27,B
B2023003,薛伟,男,网络工程,B2023003,123456,27,B
B2023004,吕丹,女,网络工程,B2023004,123456,27,B
B2023005,何刚,男,软件工程,B2023005,123456,27,B
B2023006,赵娜,女,通信工程,B2023006,123456,27,B
B2023007,卢浩,男,计算机科学,B2023007,123456,27,B
B2023008,许慧,女,信息安全,B2023008,123456,27,B
B2023009,丁文,男,计算机科学,B2023009,123456,27,B
B2023010,朱红,女,软件工程,B2023010,123456,27,B
B2023011,黄宁,男,电子信息,B2023011,123456,27,B
B2023012,刘佳,女,信息安全,B2023012,123456,27,B
B2023013,郑宁,男,数据科学,B2023013,123456,27,B
B2023014,韩红,女,信息安全,B2023014,123456,27,B
B2023015,何健,男,计算机科学,B2023015,123456,27,B
B2023016,马娜,女,通信工程,B2023016,123456,27,B
B2023017,蒋志,男,软件工程,B2023017,123456,27,B
B2023018,杨琳,女,数据科学,B2023018,123456,27,B
B2023019,吴军,男,计算机科学,B2023019,123456,27,B
B2023020,朱静,女,人工智能,B2023020,123456,27,B
B2023021,郭斌,男,网络工程,B2023021,123456,27,B
B2023022,赵洁,女,网络工程,B2023022,123456,27,B
B2023023,萧超,男,软件工程,B2023023,123456,27,B
B2023024,朱萍,女,人工智能,B2023024,123456,27,B
B2023025,罗涛,男,软件工程,B2023025,123456,27,B
B2023026,吴燕,女,信息安全,B2023026,123456,27,B
B2023027,罗宁,男,软件工程,B2023027,123456,27,B
B2023028,马敏,女,数据科学,B2023028,123456,27,B
B2023029,郑浩,男,信息安全,B2023029,123456,27,B
B2023030,林红,女,人工智能,B2023030,123456,27,B
B2023031,蔡峰,男,数据科学,B2023031,123456,27,B
B2023032,程丽,女,人工智能,B2023032,123456,27,B
B2023033,王勇,男,电子信息,B2023033,123456,27,B
B2023034,卢玲,女,计算机科学,B2023034,123456,27,B
B2023035,谢文,男,计算机科学,B2023035,123456,27,B
B2023036,傅霞,女,通信工程,B2023036,123456,27,B
B2023037,胡博,男,网络工程,B2023037,123456,27,B
B2023038,董萍,女,软件工程,B2023038,123456,27,B
B2023039,孙强,男,网络工程,B2023039,123456,27,B
B2023040,董蓉,女,信息安全,B2023040,123456,27,B
B2023041,傅飞,男,计算机科学,B2023041,123456,27,B
B2023042,梁丽,女,电子信息,B2023042,123456,27,B
B2023043,吕杰,男,人工智能,B2023043,123456,27,B
B2023044,谢瑶,女,软件工程,B2023044,123456,27,B
B2023045,马辉,男,计算机科学,B2023045,123456,27,B
B2023046,彭佳,女,软件工程,B2023046,123456,27,B
B2023047,苏俊,男,计算机科学,B2023047,123456,27,B
B2023048,韩丹,女,软件工程,B2023048,123456,27,B
B2023049,卢平,男,数据科学,B2023049,123456,27,B
B2023050,郑红,女,数据科学,B2023050,123456,27,B
S001,郭毅,男,信息安全,S001,stu001,27,A
S002,董琳,女,电子信息,S002,stu002,27,A
S003,孙峰,男,信息安全,S003,stu003,27,A
S004,苏洁,女,网络工程,S004,stu004,27,A
S005,周旭,男,信息安全,S005,stu005,27,A
S006,蔡洁,女,人工智能,S006,stu006,27,A
S007,周伟,男,信息管理,S007,stu007,27,A
S008,沈佳,女,计算机科学,S008,stu008,27,A
S009,邓松,男,信息管理,S009,stu009,27,A
S010,谢晶,女,人工智能,S010,stu010,27,A
S011,陈涛,男,软件工程,S011,stu011,27,A
S012,曹晴,女,信息管理,S012,stu012,27,A
S013,邓建,男,计算机科学,S013,stu013,27,A
S014,周瑶,女,数据科学,S014,stu014,27,A
S015,朱刚,男,软件工程,S015,stu015,27,A
S016,谢娟,女,人工智能,S016,stu016,27,A
S017,刘波,男,人工智能,S017,stu017,27,A
S018,陈燕,女,信息管理,S018,stu018,27,A
S019,贾军,男,数据科学,S019,stu019,27,A
S020,梁娜,女,人工智能,S020,stu020,27,A
S021,韩鑫,男,信息管理,S021,stu021,27,A
S022,蒋静,女,网络工程,S022,stu022,27,A
S023,郑明,男,信息管理,S023,stu023,27,A
S024,傅洁,女,数据科学,S024,stu024,27,A
S025,刘强,男,信息管理,S025,stu025,27,A
S026,于怡,女,数据科学,S026,stu026,27,A
S027,魏威,男,电子信息,S027,stu027,27,A
S028,袁莉,女,计算机科学,S028,stu028,27,A
S029,阎斌,男,电子信息,S029,stu029,27,A
S030,邓萍,女,网络工程,S030,stu030,27,A
S031,张岩,男,网络工程,S031,stu031,27,A
S032,吴婉,女,人工智能,S032,stu032,27,A
S033,袁翔,男,信息管理,S033,stu033,27,A
S034,杨怡,女,电子信息,S034,stu034,27,A
S035,叶宁,男,信息安全,S035,stu035,27,A
S036,梁琪,女,软件工程,S036,stu036,27,A
S037,吕辉,男,信息安全,S037,stu037,27,A
S038,陈秀兰,女,信息安全,S038,stu038,27,A
S039,胡翔,男,电子信息,S039,stu039,27,A
S040,林晴,女,数据科学,S040,stu040,27,A
S041,周磊,男,信息管理,S041,stu041,27,A
S042,叶小红,女,软件工程,S042,stu042,27,A
S043,傅旭,男,计算机科学,S043,stu043,27,A
S044,曹婉,女,数据科学,S044,stu044,27,A
S045,谢斌,男,信息管理,S045,stu045,27,A
S046,唐菲,女,计算机科学,S046,stu046,27,A
S047,张华,男,网络工程,S047,stu047,27,A
S048,马颖,女,计算机科学,S048,stu048,27,A
S049,罗鹏,男,数据科学,S049,stu049,27,A
S050,梁静,女,计算机科学,S050,stu050,27,A
282024A0001,王超,男,计算机学院,userA0001,123456,28,A
282024A0002,杨勇,男,计算机学院,userA0002,123456,28,A
282024A0003,郑亮,男,计算机学院,userA0003,123456,28,A
282024A0004,华伟,男,计算机学院,userA0004,123456,28,A
282024A0005,吴明,男,计算机学院,userA0005,123456,28,A
282024A0006,钱宁,男,计算机学院,userA0006,123456,28,A
282024A0007,严华,男,计算机学院,userA0007,123456,28,A
282024A0008,秦杰,男,计算机学院,userA0008,123456,28,A
282024A0009,华玲,女,计算机学院,userA0009,123456,28,A
282024A0010,陈平,男,计算机学院,userA0010,123456,28,A
282024A0011,郑鹏,男,计算机学院,userA0011,123456,28,A
282024A0012,郑红,女,计算机学院,userA0012,123456,28,A
282024A0013,朱华,男,计算机学院,userA0013,123456,28,A
282024A0014,王静,女,计算机学院,userA0014,123456,28,A
282024A0015,尤洁,女,计算机学院,userA0015,123456,28,A
282024A0016,蒋强,男,计算机学院,userA0016,123456,28,A
282024A0017,韩静,女,计算机学院,userA0017,123456,28,A
282024A0018,韩鹏,男,计算机学院,userA0018,123456,28,A
282024A0019,秦红,女,计算机学院,userA0019,123456,28,A
282024A0020,褚红,女,计算机学院,userA0020,123456,28,A
282024A0021,沈静,女,计算机学院,userA0021,123456,28,A
282024A0022,褚杰,男,计算机学院,userA0022,123456,28,A
282024A0023,魏玲,女,计算机学院,userA0023,123456,28,A
282024A0024,韩娜,女,计算机学院,userA0024,123456,28,A
282024A0025,韩平,男,计算机学院,userA0025,123456,28,A
282024A0026,曹静,女,计算机学院,userA0026,123456,28,A
282024A0027,沈艳,女,计算机学院,userA0027,123456,28,A
282024A0028,姜慧,女,计算机学院,userA0028,123456,28,A
282024A0029,陈婷,女,计算机学院,userA0029,123456,28,A
282024A0030,杨洁,女,计算机学院,userA0030,123456,28,A
282024A0031,华红,女,计算机学院,userA0031,123456,28,A
282024A0032,韩波,男,计算机学院,userA0032,123456,28,A
282024A0033,姜强,男,计算机学院,userA0033,123456,28,A
282024A0034,王杰,男,计算机学院,userA0034,123456,28,A
282024A0035,华鹏,男,计算机学院,userA0035,123456,28,A
282024A0036,孔晶,女,计算机学院,userA0036,123456,28,A
282024A0037,朱军,男,计算机学院,userA0037,123456,28,A
282024A0038,秦敏,女,计算机学院,userA0038,123456,28,A
282024A0039,尤丽,女,计算机学院,userA0039,123456,28,A
282024A0040,魏超,男,计算机学院,userA0040,123456,28,A
282024A0041,卫刚,男,计算机学院,userA0041,123456,28,A
282024A0042,蒋辉,男,计算机学院,userA0042,123456,28,A
282024A0043,褚龙,男,计算机学院,userA0043,123456,28,A
282024A0044,何芳,女,计算机学院,userA0044,123456,28,A
282024A0045,王雪,女,计算机学院,userA0045,123456,28,A
282024A0046,杨明,男,计算机学院,userA0046,123456,28,A
282024A0047,吴斌,男,计算机学院,userA0047,123456,28,A
282024A0048,周勇,男,计算机学院,userA0048,123456,28,A
282024A0049,陶超,男,计算机学院,userA0049,123456,28,A
282024A0050,华宁,男,计算机学院,userA0050,123456,28,A
282024B001,蒋梅,女,材料化学,userB001,123456,28,B
282024B002,金敏,女,应用化学,userB002,123456,28,B
282024B003,韩平,男,化学工程,userB003,123456,28,B
282024B004,韩伟,男,化学工程,userB004,123456,28,B
282024B005,李磊,男,化学工程,userB005,123456,28,B
282024B006,吕波,男,应用化学,userB006,123456,28,B
282024B007,秦艳,女,环境科学,userB007,123456,28,B
282024B008,冯燕,女,药学,userB008,123456,28,B
282024B009,严军,男,化学工程,userB009,123456,28,B
282024B010,华莉,女,药学,userB010,123456,28,B
282024B011,魏军,男,化学工程,userB011,123456,28,B
282024B012,曹敏,女,应用化学,userB012,123456,28,B
282024B013,蒋宁,男,药学,userB013,123456,28,B
282024B014,冯丽,女,材料化学,userB014,123456,28,B
282024B015,魏磊,男,药学,userB015,123456,28,B
282024B016,郑宁,男,化学工程,userB016,123456,28,B
282024B017,吴杰,男,药学,userB017,123456,28,B
282024B018,姜艳,女,药学,userB018,123456,28,B
282024B019,李鹏,男,化学工程,userB019,123456,28,B
282024B020,孔慧,女,材料化学,userB020,123456,28,B
282024B021,华婷,女,应用化学,userB021,123456,28,B
282024B022,尤强,男,环境科学,userB022,123456,28,B
282024B023,李娜,女,化学工程,userB023,123456,28,B
282024B024,陶强,男,环境科学,userB024,123456,28,B
282024B025,吴磊,男,环境科学,userB025,123456,28,B
282024B026,周鹏,男,化学工程,userB026,123456,28,B
282024B027,杨龙,男,化学工程,userB027,123456,28,B
282024B028,严玲,女,应用化学,userB028,123456,28,B
282024B029,何超,男,药学,userB029,123456,28,B
282024B030,冯慧,女,材料化学,userB030,123456,28,B
282024B031,周华,男,环境科学,userB031,123456,28,B
282024B032,郑宁,男,应用化学,userB032,123456,28,B
282024B033,朱辉,男,化学工程,userB033,123456,28,B
282024B034,杨雪,女,应用化学,userB034,123456,28,B
282024B035,金蕾,女,环境科学,userB035,123456,28,B
282024B036,赵敏,女,应用化学,userB036,123456,28,B
282024B037,朱军,男,环境科学,userB037,123456,28,B
282024B038,陈雪,女,环境科学,userB038,123456,28,B
282024B039,沈艳,女,材料化学,userB039,123456,28,B
282024B040,姜娜,女,化学工程,userB040,123456,28,B
282024B041,华娜,女,化学工程,userB041,123456,28,B
282024B042,吕超,男,应用化学,userB042,123456,28,B
282024B043,金倩,女,化学工程,userB043,123456,28,B
282024B044,王勇,男,环境科学,userB044,123456,28,B
282024B045,孙洁,女,环境科学,userB045,123456,28,B
282024B046,陈婷,女,化学工程,userB046,123456,28,B
282024B047,许娜,女,材料化学,userB047,123456,28,B
282024B048,沈军,男,材料化学,userB048,123456,28,B
282024B049,严明,男,应用化学,userB049,123456,28,B
282024B050,卫芳,女,应用化学,userB050,123456,28,B
282024C001,吕燕,女,管理学,userC001,123456,28,C
282024C002,褚鹏,男,经济学,userC002,123456,28,C
282024C003,陶涛,男,会计学,userC003,123456,28,C
282024C004,施燕,女,金融学,userC004,123456,28,C
282024C005,钱鹏,男,管理学,userC005,123456,28,C
282024C006,秦超,男,管理学,userC006,123456,28,C
282024C007,曹芳,女,经济学,userC007,123456,28,C
282024C008,朱亮,男,管理学,userC008,123456,28,C
282024C009,孙龙,男,会计学,userC009,123456,28,C
282024C010,施莉,女,市场营销,userC010,123456,28,C
282024C011,王洁,女,金融学,userC011,123456,28,C
282024C012,朱飞,男,经济学,userC012,123456,28,C
282024C013,蒋莉,女,经济学,userC013,123456,28,C
282024C014,吕敏,女,管理学,userC014,123456,28,C
282024C015,许萍,女,会计学,userC015,123456,28,C
282024C016,尤涛,男,会计学,userC016,123456,28,C
282024C017,孔龙,男,市场营销,userC017,123456,28,C
282024C018,许倩,女,经济学,userC018,123456,28,C
282024C019,许艳,女,会计学,userC019,123456,28,C
282024C020,何慧,女,会计学,userC020,123456,28,C
282024C021,沈丽,女,经济学,userC021,123456,28,C
282024C022,尤静,女,金融学,userC022,123456,28,C
282024C023,许涛,男,金融学,userC023,123456,28,C
282024C024,钱明,男,会计学,userC024,123456,28,C
282024C025,周莉,女,市场营销,userC025,123456,28,C
282024C026,蒋琳,女,会计学,userC026,123456,28,C
282024C027,杨伟,男,经济学,userC027,123456,28,C
282024C028,华杰,男,市场营销,userC028,123456,28,C
282024C029,魏宁,男,金融学,userC029,123456,28,C
282024C030,王婷,女,会计学,userC030,123456,28,C
282024C031,何蕾,女,市场营销,userC031,123456,28,C
282024C032,华丽,女,会计学,userC032,123456,28,C
282024C033,金燕,女,管理学,userC033,123456,28,C
282024C034,姜超,男,会计学,userC034,123456,28,C
282024C035,周燕,女,管理学,userC035,123456,28,C
282024C036,吕倩,女,经济学,userC036,123456,28,C
282024C037,冯明,男,会计学,userC037,123456,28,C
282024C038,陈磊,男,会计学,userC038,123456,28,C
282024C039,严倩,女,会计学,userC039,123456,28,C
282024C040,严涛,男,会计学,userC040,123456,28,C
282024C041,孔亮,男,会计学,userC041,123456,28,C
282024C042,陶辉,男,管理学,userC042,123456,28,C
282024C043,孔倩,女,市场营销,userC043,123456,28,C
282024C044,韩燕,女,管理学,userC044,123456,28,C
282024C045,华芳,女,会计学,userC045,123456,28,C
282024C046,吕丽,女,会计学,userC046,123456,28,C
282024C047,冯鹏,男,市场营销,userC047,123456,28,C
282024C048,钱飞,男,金融学,userC048,123456,28,C
282024C049,魏强,男,管理学,userC049,123456,28,C
282024C050,孔艳,女,会计学,userC050,123456,28,C
202300101,张三,M,CS,202300101,123456,4,C
202300102,C学生2,F,CS,202300102,123456,4,C
202300103,C学生3,M,CS,202300103,123456,4,C
202300104,C学生4,F,CS,202300104,123456,4,C
202300105,C学生5,M,CS,202300105,123456,4,C
202300106,C学生6,F,CS,202300106,123456,4,C
202300107,C学生7,M,CS,202300107,123456,4,C
202300108,C学生8,F,CS,202300108,123456,4,C
202300109,C学生9,M,CS,202300109,123456,4,C
202300110,C学生10,F,CS,202300110,123456,4,C
202300111,C学生11,M,CS,202300111,123456,4,C
202300112,C学生12,F,CS,202300112,123456,4,C
202300113,C学生13,M,CS,202300113,123456,4,C
202300114,C学生14,F,CS,202300114,123456,4,C
202300115,C学生15,M,CS,202300115,123456,4,C
202300116,C学生16,F,CS,202300116,123456,4,C
202300117,C学生17,M,CS,202300117,123456,4,C
202300118,C学生18,F,CS,202300118,123456,4,C
202300119,C学生19,M,CS,202300119,123456,4,C
202300120,C学生20,F,CS,202300120,123456,4,C
202300121,C学生21,M,CS,202300121,123456,4,C
202300122,C学生22,F,CS,202300122,123456,4,C
202300123,C学生23,M,CS,202300123,123456,4,C
202300124,C学生24,F,CS,202300124,123456,4,C
202300125,C学生25,M,CS,202300125,123456,4,C
202300126,C学生26,F,CS,202300126,123456,4,C
202300127,C学生27,M,CS,202300127,123456,4,C
202300128,C学生28,F,CS,202300128,123456,4,C
202300129,C学生29,M,CS,202300129,123456,4,C
202300130,C学生30,F,CS,202300130,123456,4,C
202300131,C学生31,M,CS,202300131,123456,4,C
202300132,C学生32,F,CS,202300132,123456,4,C
202300133,C学生33,M,CS,202300133,123456,4,C
202300134,C学生34,F,CS,202300134,123456,4,C
202300135,C学生35,M,CS,202300135,123456,4,C
202300136,C学生36,F,CS,202300136,123456,4,C
202300137,C学生37,M,CS,202300137,123456,4,C
202300138,C学生38,F,CS,202300138,123456,4,C
202300139,C学生39,M,CS,202300139,123456,4,C
202300140,C学生40,F,CS,202300140,123456,4,C
202300141,C学生41,M,CS,202300141,123456,4,C
202300142,C学生42,F,CS,202300142,123456,4,C
202300143,C学生43,M,CS,202300143,123456,4,C
202300144,C学生44,F,CS,202300144,123456,4,C
202300145,C学生45,M,CS,202300145,123456,4,C
202300146,C学生46,F,CS,202300146,123456,4,C
202300147,C学生47,M,CS,202300147,123456,4,C
202300148,C学生48,F,CS,202300148,123456,4,C
202300149,C学生49,M,CS,202300149,123456,4,C
202300150,C学生50,F,CS,202300150,123456,4,C
2024B0001,B学生1,男,软件工程,2024B0001,123456,4,B
2024B0002,B学生2,女,软件工程,2024B0002,123456,4,B
2024B0003,B学生3,男,软件工程,2024B0003,123456,4,B
2024B0004,B学生4,女,软件工程,2024B0004,123456,4,B
2024B0005,B学生5,男,软件工程,2024B0005,123456,4,B
2024B0006,B学生6,女,软件工程,2024B0006,123456,4,B
2024B0007,B学生7,男,软件工程,2024B0007,123456,4,B
2024B0008,B学生8,女,软件工程,2024B0008,123456,4,B
2024B0009,B学生9,男,软件工程,2024B0009,123456,4,B
2024B0010,B学生10,女,软件工程,2024B0010,123456,4,B
2024B0011,B学生11,男,软件工程,2024B0011,123456,4,B
2024B0012,B学生12,女,软件工程,2024B0012,123456,4,B
2024B0013,B学生13,男,软件工程,2024B0013,123456,4,B
2024B0014,B学生14,女,软件工程,2024B0014,123456,4,B
2024B0015,B学生15,男,软件工程,2024B0015,123456,4,B
2024B0016,B学生16,女,软件工程,2024B0016,123456,4,B
2024B0017,B学生17,男,软件工程,2024B0017,123456,4,B
2024B0018,B学生18,女,软件工程,2024B0018,123456,4,B
2024B0019,B学生19,男,软件工程,2024B0019,123456,4,B
2024B0020,B学生20,女,软件工程,2024B0020,123456,4,B
2024B0021,B学生21,男,软件工程,2024B0021,123456,4,B
2024B0022,B学生22,女,软件工程,2024B0022,123456,4,B
2024B0023,B学生23,男,软件工程,2024B0023,123456,4,B
2024B0024,B学生24,女,软件工程,2024B0024,123456,4,B
2024B0025,B学生25,男,软件工程,2024B0025,123456,4,B
2024B0026,B学生26,女,软件工程,2024B0026,123456,4,B
2024B0027,B学生27,男,软件工程,2024B0027,123456,4,B
2024B0028,B学生28,女,软件工程,2024B0028,123456,4,B
2024B0029,B学生29,男,软件工程,2024B0029,123456,4,B
2024B0030,B学生30,女,软件工程,2024B0030,123456,4,B
2024B0031,B学生31,男,软件工程,2024B0031,123456,4,B
2024B0032,B学生32,女,软件工程,2024B0032,123456,4,B
2024B0033,B学生33,男,软件工程,2024B0033,123456,4,B
2024B0034,B学生34,女,软件工程,2024B0034,123456,4,B
2024B0035,B学生35,男,软件工程,2024B0035,123456,4,B
2024B0036,B学生36,女,软件工程,2024B0036,123456,4,B
2024B0037,B学生37,男,软件工程,2024B0037,123456,4,B
2024B0038,B学生38,女,软件工程,2024B0038,123456,4,B
2024B0039,B学生39,男,软件工程,2024B0039,123456,4,B
2024B0040,B学生40,女,软件工程,2024B0040,123456,4,B
2024B0041,B学生41,男,软件工程,2024B0041,123456,4,B
2024B0042,B学生42,女,软件工程,2024B0042,123456,4,B
2024B0043,B学生43,男,软件工程,2024B0043,123456,4,B
2024B0044,B学生44,女,软件工程,2024B0044,123456,4,B
2024B0045,B学生45,男,软件工程,2024B0045,123456,4,B
2024B0046,B学生46,女,软件工程,2024B0046,123456,4,B
2024B0047,B学生47,男,软件工程,2024B0047,123456,4,B
2024B0048,B学生48,女,软件工程,2024B0048,123456,4,B
2024B0049,B学生49,男,软件工程,2024B0049,123456,4,B
2024B0050,B学生50,女,软件工程,2024B0050,123456,4,B
A001,Student01,M,CollegeA,stu001,123456,4,A
A002,Student02,F,CollegeA,stu002,123456,4,A
A003,Student03,M,CollegeA,stu003,123456,4,A
A004,Student04,F,CollegeA,stu004,123456,4,A
A005,Student05,M,CollegeA,stu005,123456,4,A
A006,Student06,F,CollegeA,stu006,123456,4,A
A007,Student07,M,CollegeA,stu007,123456,4,A
A008,Student08,F,CollegeA,stu008,123456,4,A
A009,Student09,M,CollegeA,stu009,123456,4,A
A010,Student10,F,CollegeA,stu010,123456,4,A
A011,Student11,M,CollegeA,stu011,123456,4,A
A012,Student12,F,CollegeA,stu012,123456,4,A
A013,Student13,M,CollegeA,stu013,123456,4,A
A014,Student14,F,CollegeA,stu014,123456,4,A
A015,Student15,M,CollegeA,stu015,123456,4,A
A016,Student16,F,CollegeA,stu016,123456,4,A
A017,Student17,M,CollegeA,stu017,123456,4,A
A018,Student18,F,CollegeA,stu018,123456,4,A
A019,Student19,M,CollegeA,stu019,123456,4,A
A020,Student20,F,CollegeA,stu020,123456,4,A
A021,Student21,M,CollegeA,stu021,123456,4,A
A022,Student22,F,CollegeA,stu022,123456,4,A
A023,Student23,M,CollegeA,stu023,123456,4,A
A024,Student24,F,CollegeA,stu024,123456,4,A
A025,Student25,M,CollegeA,stu025,123456,4,A
A026,Student26,F,CollegeA,stu026,123456,4,A
A027,Student27,M,CollegeA,stu027,123456,4,A
A028,Student28,F,CollegeA,stu028,123456,4,A
A029,Student29,M,CollegeA,stu029,123456,4,A
A030,Student30,F,CollegeA,stu030,123456,4,A
A031,Student31,M,CollegeA,stu031,123456,4,A
A032,Student32,F,CollegeA,stu032,123456,4,A
A033,Student33,M,CollegeA,stu033,123456,4,A
A034,Student34,F,CollegeA,stu034,123456,4,A
A035,Student35,M,CollegeA,stu035,123456,4,A
A036,Student36,F,CollegeA,stu036,123456,4,A
A037,Student37,M,CollegeA,stu037,123456,4,A
A038,Student38,F,CollegeA,stu038,123456,4,A
A039,Student39,M,CollegeA,stu039,123456,4,A
A040,Student40,F,CollegeA,stu040,123456,4,A
A041,Student41,M,CollegeA,stu041,123456,4,A
A042,Student42,F,CollegeA,stu042,123456,4,A
A043,Student43,M,CollegeA,stu043,123456,4,A
A044,Student44,F,CollegeA,stu044,123456,4,A
A045,Student45,M,CollegeA,stu045,123456,4,A
A046,Student46,F,CollegeA,stu046,123456,4,A
A047,Student47,M,CollegeA,stu047,123456,4,A
A048,Student48,F,CollegeA,stu048,123456,4,A
A049,Student49,M,CollegeA,stu049,123456,4,A
A050,Student50,F,CollegeA,stu050,123456,4,A
G5A2023001,A_Stu_001,M,A院,G5A2023001,123456,5,A
G5A2023002,A_Stu_002,F,A院,G5A2023002,123456,5,A
G5A2023003,A_Stu_003,M,A院,G5A2023003,123456,5,A
G5A2023004,A_Stu_004,F,A院,G5A2023004,123456,5,A
G5A2023005,A_Stu_005,M,A院,G5A2023005,123456,5,A
G5A2023006,A_Stu_006,F,A院,G5A2023006,123456,5,A
G5A2023007,A_Stu_007,M,A院,G5A2023007,123456,5,A
G5A2023008,A_Stu_008,F,A院,G5A2023008,123456,5,A
G5A2023009,A_Stu_009,M,A院,G5A2023009,123456,5,A
G5A2023010,A_Stu_010,F,A院,G5A2023010,123456,5,A
G5A2023011,A_Stu_011,M,A院,G5A2023011,123456,5,A
G5A2023012,A_Stu_012,F,A院,G5A2023012,123456,5,A
G5A2023013,A_Stu_013,M,A院,G5A2023013,123456,5,A
G5A2023014,A_Stu_014,F,A院,G5A2023014,123456,5,A
G5A2023015,A_Stu_015,M,A院,G5A2023015,123456,5,A
G5A2023016,A_Stu_016,F,A院,G5A2023016,123456,5,A
G5A2023017,A_Stu_017,M,A院,G5A2023017,123456,5,A
G5A2023018,A_Stu_018,F,A院,G5A2023018,123456,5,A
G5A2023019,A_Stu_019,M,A院,G5A2023019,123456,5,A
G5A2023020,A_Stu_020,F,A院,G5A2023020,123456,5,A
G5A2023021,A_Stu_021,M,A院,G5A2023021,123456,5,A
G5A2023022,A_Stu_022,F,A院,G5A2023022,123456,5,A
G5A2023023,A_Stu_023,M,A院,G5A2023023,123456,5,A
G5A2023024,A_Stu_024,F,A院,G5A2023024,123456,5,A
G5A2023025,A_Stu_025,M,A院,G5A2023025,123456,5,A
G5A2023026,A_Stu_026,F,A院,G5A2023026,123456,5,A
G5A2023027,A_Stu_027,M,A院,G5A2023027,123456,5,A
G5A2023028,A_Stu_028,F,A院,G5A2023028,123456,5,A
G5A2023029,A_Stu_029,M,A院,G5A2023029,123456,5,A
G5A2023030,A_Stu_030,F,A院,G5A2023030,123456,5,A
G5A2023031,A_Stu_031,M,A院,G5A2023031,123456,5,A
G5A2023032,A_Stu_032,F,A院,G5A2023032,123456,5,A
G5A2023033,A_Stu_033,M,A院,G5A2023033,123456,5,A
G5A2023034,A_Stu_034,F,A院,G5A2023034,123456,5,A
G5A2023035,A_Stu_035,M,A院,G5A2023035,123456,5,A
G5A2023036,A_Stu_036,F,A院,G5A2023036,123456,5,A
G5A2023037,A_Stu_037,M,A院,G5A2023037,123456,5,A
G5A2023038,A_Stu_038,F,A院,G5A2023038,123456,5,A
G5A2023039,A_Stu_039,M,A院,G5A2023039,123456,5,A
G5A2023040,A_Stu_040,F,A院,G5A2023040,123456,5,A
G5A2023041,A_Stu_041,M,A院,G5A2023041,123456,5,A
G5A2023042,A_Stu_042,F,A院,G5A2023042,123456,5,A
G5A2023043,A_Stu_043,M,A院,G5A2023043,123456,5,A
G5A2023044,A_Stu_044,F,A院,G5A2023044,123456,5,A
G5A2023045,A_Stu_045,M,A院,G5A2023045,123456,5,A
G5A2023046,A_Stu_046,F,A院,G5A2023046,123456,5,A
G5A2023047,A_Stu_047,M,A院,G5A2023047,123456,5,A
G5A2023048,A_Stu_048,F,A院,G5A2023048,123456,5,A
G5A2023049,A_Stu_049,M,A院,G5A2023049,123456,5,A
G5A2023050,A_Stu_050,F,A院,G5A2023050,123456,5,A
G5B2023001,B_Stu_001,M,B院,G5B2023001,123456,5,B
G5B2023002,B_Stu_002,F,B院,G5B2023002,123456,5,B
G5B2023003,B_Stu_003,M,B院,G5B2023003,123456,5,B
G5B2023004,B_Stu_004,F,B院,G5B2023004,123456,5,B
G5B2023005,B_Stu_005,M,B院,G5B2023005,123456,5,B
G5B2023006,B_Stu_006,F,B院,G5B2023006,123456,5,B
G5B2023007,B_Stu_007,M,B院,G5B2023007,123456,5,B
G5B2023008,B_Stu_008,F,B院,G5B2023008,123456,5,B
G5B2023009,B_Stu_009,M,B院,G5B2023009,123456,5,B
G5B2023010,B_Stu_010,F,B院,G5B2023010,123456,5,B
G5B2023011,B_Stu_011,M,B院,G5B2023011,123456,5,B
G5B2023012,B_Stu_012,F,B院,G5B2023012,123456,5,B
G5B2023013,B_Stu_013,M,B院,G5B2023013,123456,5,B
G5B2023014,B_Stu_014,F,B院,G5B2023014,123456,5,B
G5B2023015,B_Stu_015,M,B院,G5B2023015,123456,5,B
G5B2023016,B_Stu_016,F,B院,G5B2023016,123456,5,B
G5B2023017,B_Stu_017,M,B院,G5B2023017,123456,5,B
G5B2023018,B_Stu_018,F,B院,G5B2023018,123456,5,B
G5B2023019,B_Stu_019,M,B院,G5B2023019,123456,5,B
G5B2023020,B_Stu_020,F,B院,G5B2023020,123456,5,B
G5B2023021,B_Stu_021,M,B院,G5B2023021,123456,5,B
G5B2023022,B_Stu_022,F,B院,G5B2023022,123456,5,B
G5B2023023,B_Stu_023,M,B院,G5B2023023,123456,5,B
G5B2023024,B_Stu_024,F,B院,G5B2023024,123456,5,B
G5B2023025,B_Stu_025,M,B院,G5B2023025,123456,5,B
G5B2023026,B_Stu_026,F,B院,G5B2023026,123456,5,B
G5B2023027,B_Stu_027,M,B院,G5B2023027,123456,5,B
G5B2023028,B_Stu_028,F,B院,G5B2023028,123456,5,B
G5B2023029,B_Stu_029,M,B院,G5B2023029,123456,5,B
G5B2023030,B_Stu_030,F,B院,G5B2023030,123456,5,B
G5B2023031,B_Stu_031,M,B院,G5B2023031,123456,5,B
G5B2023032,B_Stu_032,F,B院,G5B2023032,123456,5,B
G5B2023033,B_Stu_033,M,B院,G5B2023033,123456,5,B
G5B2023034,B_Stu_034,F,B院,G5B2023034,123456,5,B
G5B2023035,B_Stu_035,M,B院,G5B2023035,123456,5,B
G5B2023036,B_Stu_036,F,B院,G5B2023036,123456,5,B
G5B2023037,B_Stu_037,M,B院,G5B2023037,123456,5,B
G5B2023038,B_Stu_038,F,B院,G5B2023038,123456,5,B
G5B2023039,B_Stu_039,M,B院,G5B2023039,123456,5,B
G5B2023040,B_Stu_040,F,B院,G5B2023040,123456,5,B
G5B2023041,B_Stu_041,M,B院,G5B2023041,123456,5,B
G5B2023042,B_Stu_042,F,B院,G5B2023042,123456,5,B
G5B2023043,B_Stu_043,M,B院,G5B2023043,123456,5,B
G5B2023044,B_Stu_044,F,B院,G5B2023044,123456,5,B
G5B2023045,B_Stu_045,M,B院,G5B2023045,123456,5,B
G5B2023046,B_Stu_046,F,B院,G5B2023046,123456,5,B
G5B2023047,B_Stu_047,M,B院,G5B2023047,123456,5,B
G5B2023048,B_Stu_048,F,B院,G5B2023048,123456,5,B
G5B2023049,B_Stu_049,M,B院,G5B2023049,123456,5,B
G5B2023050,B_Stu_050,F,B院,G5B2023050,123456,5,B
G5C2023001,C_Stu_001,M,C院,G5C2023001,123456,5,C
G5C2023002,C_Stu_002,F,C院,G5C2023002,123456,5,C
G5C2023003,C_Stu_003,M,C院,G5C2023003,123456,5,C
G5C2023004,C_Stu_004,F,C院,G5C2023004,123456,5,C
G5C2023005,C_Stu_005,M,C院,G5C2023005,123456,5,C
G5C2023006,C_Stu_006,F,C院,G5C2023006,123456,5,C
G5C2023007,C_Stu_007,M,C院,G5C2023007,123456,5,C
G5C2023008,C_Stu_008,F,C院,G5C2023008,123456,5,C
G5C2023009,C_Stu_009,M,C院,G5C2023009,123456,5,C
G5C2023010,C_Stu_010,F,C院,G5C2023010,123456,5,C
G5C2023011,C_Stu_011,M,C院,G5C2023011,123456,5,C
G5C2023012,C_Stu_012,F,C院,G5C2023012,123456,5,C
G5C2023013,C_Stu_013,M,C院,G5C2023013,123456,5,C
G5C2023014,C_Stu_014,F,C院,G5C2023014,123456,5,C
G5C2023015,C_Stu_015,M,C院,G5C2023015,123456,5,C
G5C2023016,C_Stu_016,F,C院,G5C2023016,123456,5,C
G5C2023017,C_Stu_017,M,C院,G5C2023017,123456,5,C
G5C2023018,C_Stu_018,F,C院,G5C2023018,123456,5,C
G5C2023019,C_Stu_019,M,C院,G5C2023019,123456,5,C
G5C2023020,C_Stu_020,F,C院,G5C2023020,123456,5,C
G5C2023021,C_Stu_021,M,C院,G5C2023021,123456,5,C
G5C2023022,C_Stu_022,F,C院,G5C2023022,123456,5,C
G5C2023023,C_Stu_023,M,C院,G5C2023023,123456,5,C
G5C2023024,C_Stu_024,F,C院,G5C2023024,123456,5,C
G5C2023025,C_Stu_025,M,C院,G5C2023025,123456,5,C
G5C2023026,C_Stu_026,F,C院,G5C2023026,123456,5,C
G5C2023027,C_Stu_027,M,C院,G5C2023027,123456,5,C
G5C2023028,C_Stu_028,F,C院,G5C2023028,123456,5,C
G5C2023029,C_Stu_029,M,C院,G5C2023029,123456,5,C
G5C2023030,C_Stu_030,F,C院,G5C2023030,123456,5,C
G5C2023031,C_Stu_031,M,C院,G5C2023031,123456,5,C
G5C2023032,C_Stu_032,F,C院,G5C2023032,123456,5,C
G5C2023033,C_Stu_033,M,C院,G5C2023033,123456,5,C
G5C2023034,C_Stu_034,F,C院,G5C2023034,123456,5,C
G5C2023035,C_Stu_035,M,C院,G5C2023035,123456,5,C
G5C2023036,C_Stu_036,F,C院,G5C2023036,123456,5,C
G5C2023037,C_Stu_037,M,C院,G5C2023037,123456,5,C
G5C2023038,C_Stu_038,F,C院,G5C2023038,123456,5,C
G5C2023039,C_Stu_039,M,C院,G5C2023039,123456,5,C
G5C2023040,C_Stu_040,F,C院,G5C2023040,123456,5,C
G5C2023041,C_Stu_041,M,C院,G5C2023041,123456,5,C
G5C2023042,C_Stu_042,F,C院,G5C2023042,123456,5,C
G5C2023043,C_Stu_043,M,C院,G5C2023043,123456,5,C
G5C2023044,C_Stu_044,F,C院,G5C2023044,123456,5,C
G5C2023045,C_Stu_045,M,C院,G5C2023045,123456,5,C
G5C2023046,C_Stu_046,F,C院,G5C2023046,123456,5,C
G5C2023047,C_Stu_047,M,C院,G5C2023047,123456,5,C
G5C2023048,C_Stu_048,F,C院,G5C2023048,123456,5,C
G5C2023049,C_Stu_049,M,C院,G5C2023049,123456,5,C
G5C2023050,C_Stu_050,F,C院,G5C2023050,123456,5,C
2023CA000001,王子涵,男,计算机学院,ca2300001,123456,8,A
2023CA000002,李思雨,女,计算机学院,ca2300002,123456,8,A
2023CA000003,张昊然,男,计算机学院,ca2300003,123456,8,A
2023CA000004,刘梓萱,女,计算机学院,ca2300004,123456,8,A
2023CA000005,陈俊杰,男,计算机学院,ca2300005,123456,8,A
2023CA000006,杨婧怡,女,计算机学院,ca2300006,123456,8,A
2023CA000007,赵一鸣,男,计算机学院,ca2300007,123456,8,A
2023CA000008,黄嘉怡,女,计算机学院,ca2300008,123456,8,A
2023CA000009,周子轩,男,计算机学院,ca2300009,123456,8,A
2023CA000010,吴若彤,女,计算机学院,ca2300010,123456,8,A
2023CA000011,徐浩宇,男,计算机学院,ca2300011,123456,8,A
2023CA000012,马欣妍,女,计算机学院,ca2300012,123456,8,A
2023CA000013,朱柏霖,男,计算机学院,ca2300013,123456,8,A
2023CA000014,胡艺菲,女,计算机学院,ca2300014,123456,8,A
2023CA000015,林宇航,男,计算机学院,ca2300015,123456,8,A
2023CA000016,郭雨桐,女,计算机学院,ca2300016,123456,8,A
2023CA000017,何梓豪,男,计算机学院,ca2300017,123456,8,A
2023CA000018,高诗涵,女,计算机学院,ca2300018,123456,8,A
2023CA000019,罗晨阳,男,计算机学院,ca2300019,123456,8,A
2023CA000020,郑悦琳,女,计算机学院,ca2300020,123456,8,A
2023CA000021,梁梓睿,男,计算机学院,ca2300021,123456,8,A
2023CA000022,谢雨欣,女,计算机学院,ca2300022,123456,8,A
2023CA000023,韩子墨,男,计算机学院,ca2300023,123456,8,A
2023CA000024,唐心怡,女,计算机学院,ca2300024,123456,8,A
2023CA000025,冯梓豪,男,计算机学院,ca2300025,123456,8,A
2023CA000026,于若曦,女,计算机学院,ca2300026,123456,8,A
2023CA000027,董文博,男,计算机学院,ca2300027,123456,8,A
2023CA000028,程思源,女,计算机学院,ca2300028,123456,8,A
2023CA000029,曾子涵,男,计算机学院,ca2300029,123456,8,A
2023CA000030,彭嘉豪,男,计算机学院,ca2300030,123456,8,A
2023CA000031,蔡雨桐,女,计算机学院,ca2300031,123456,8,A
2023CA000032,余梓睿,男,计算机学院,ca2300032,123456,8,A
2023CA000033,杜欣怡,女,计算机学院,ca2300033,123456,8,A
2023CA000034,叶浩然,男,计算机学院,ca2300034,123456,8,A
2023CA000035,苏婉清,女,计算机学院,ca2300035,123456,8,A
2023CA000036,卢志强,男,计算机学院,ca2300036,123456,8,A
2023CA000037,魏雨霏,女,计算机学院,ca2300037,123456,8,A
2023CA000038,蒋明轩,男,计算机学院,ca2300038,123456,8,A
2023CA000039,丁思琪,女,计算机学院,ca2300039,123456,8,A
2023CA000040,傅俊熙,男,计算机学院,ca2300040,123456,8,A
2023CA000041,夏语桐,女,计算机学院,ca2300041,123456,8,A
2023CA000042,范梓豪,男,计算机学院,ca2300042,123456,8,A
2023CA000043,方婉清,女,计算机学院,ca2300043,123456,8,A
2023CA000044,石雨泽,男,计算机学院,ca2300044,123456,8,A
2023CA000045,姚思颖,女,计算机学院,ca2300045,123456,8,A
2023CA000046,廖明辉,男,计算机学院,ca2300046,123456,8,A
2023CA000047,熊雅静,女,计算机学院,ca2300047,123456,8,A
2023CA000048,金浩宇,男,计算机学院,ca2300048,123456,8,A
2023CA000049,陆梓萱,女,计算机学院,ca2300049,123456,8,A
2023CA000050,郝文博,男,计算机学院,ca2300050,123456,8,A
B20230001,方宇轩,男,人工智能,ai2300001,123456,8,B
B20230002,沈梦瑶,女,人工智能,ai2300002,123456,8,B
B20230003,秦子豪,男,人工智能,ai2300003,123456,8,B
B20230004,许婉婷,女,人工智能,ai2300004,123456,8,B
B20230005,魏俊杰,男,人工智能,ai2300005,123456,8,B
B20230006,万雨桐,女,人工智能,ai2300006,123456,8,B
B20230007,邹明轩,男,人工智能,ai2300007,123456,8,B
B20230008,袁思琪,女,人工智能,ai2300008,123456,8,B
B20230009,潘浩宇,男,人工智能,ai2300009,123456,8,B
B20230010,戴雅静,女,人工智能,ai2300010,123456,8,B
B20230011,覃梓豪,男,人工智能,ai2300011,123456,8,B
B20230012,江雨欣,女,人工智能,ai2300012,123456,8,B
B20230013,黎子墨,男,人工智能,ai2300013,123456,8,B
B20230014,章心怡,女,人工智能,ai2300014,123456,8,B
B20230015,邵文博,男,人工智能,ai2300015,123456,8,B
B20230016,武思源,女,人工智能,ai2300016,123456,8,B
B20230017,齐梓涵,男,人工智能,ai2300017,123456,8,B
B20230018,赖嘉豪,男,人工智能,ai2300018,123456,8,B
B20230019,康雨桐,女,人工智能,ai2300019,123456,8,B
B20230020,史明轩,男,人工智能,ai2300020,123456,8,B
B20230021,侯婉清,女,人工智能,ai2300021,123456,8,B
B20230022,雷浩宇,男,人工智能,ai2300022,123456,8,B
B20230023,龙思颖,女,人工智能,ai2300023,123456,8,B
B20230024,万明辉,男,人工智能,ai2300024,123456,8,B
B20230025,段雅静,女,人工智能,ai2300025,123456,8,B
B20230026,钱俊熙,男,人工智能,ai2300026,123456,8,B
B20230027,汤语桐,女,人工智能,ai2300027,123456,8,B
B20230028,尹梓豪,男,人工智能,ai2300028,123456,8,B
B20230029,薛婉清,女,人工智能,ai2300029,123456,8,B
B20230030,白雨泽,男,人工智能,ai2300030,123456,8,B
B20230031,孟思颖,女,人工智能,ai2300031,123456,8,B
B20230032,顾明辉,男,人工智能,ai2300032,123456,8,B
B20230033,尹雅静,女,人工智能,ai2300033,123456,8,B
B20230034,江俊熙,男,人工智能,ai2300034,123456,8,B
B20230035,邵语桐,女,人工智能,ai2300035,123456,8,B
B20230036,毛梓豪,男,人工智能,ai2300036,123456,8,B
B20230037,龚婉清,女,人工智能,ai2300037,123456,8,B
B20230038,崔雨泽,男,人工智能,ai2300038,123456,8,B
B20230039,薛思颖,女,人工智能,ai2300039,123456,8,B
B20230040,阎明辉,男,人工智能,ai2300040,123456,8,B
B20230041,易雅静,女,人工智能,ai2300041,123456,8,B
B20230042,常浩宇,男,人工智能,ai2300042,123456,8,B
B20230043,乔思颖,女,人工智能,ai2300043,123456,8,B
B20230044,贺明辉,男,人工智能,ai2300044,123456,8,B
B20230045,龚雅静,女,人工智能,ai2300045,123456,8,B
B20230046,文俊熙,男,人工智能,ai2300046,123456,8,B
B20230047,庞语桐,女,人工智能,ai2300047,123456,8,B
B20230048,樊梓豪,男,人工智能,ai2300048,123456,8,B
B20230049,黎婉清,女,人工智能,ai2300049,123456,8,B
B20230050,纪雨泽,男,人工智能,ai2300050,123456,8,B
C20230001,严子涵,男,软件学院,c20230001,123456,8,C
C20230002,钱思雨,女,软件学院,c20230002,123456,8,C
C20230003,孙昊然,男,软件学院,c20230003,123456,8,C
C20230004,李梓萱,女,软件学院,c20230004,123456,8,C
C20230005,周俊杰,男,软件学院,c20230005,123456,8,C
C20230006,吴婧怡,女,软件学院,c20230006,123456,8,C
C20230007,郑一鸣,男,软件学院,c20230007,123456,8,C
C20230008,王嘉怡,女,软件学院,c20230008,123456,8,C
C20230009,冯子轩,男,软件学院,c20230009,123456,8,C
C20230010,陈若彤,女,软件学院,c20230010,123456,8,C
C20230011,褚浩宇,男,软件学院,c20230011,123456,8,C
C20230012,卫欣妍,女,软件学院,c20230012,123456,8,C
C20230013,蒋柏霖,男,软件学院,c20230013,123456,8,C
C20230014,沈艺菲,女,软件学院,c20230014,123456,8,C
C20230015,韩宇航,男,软件学院,c20230015,123456,8,C
C20230016,杨雨桐,女,软件学院,c20230016,123456,8,C
C20230017,朱梓豪,男,软件学院,c20230017,123456,8,C
C20230018,秦诗涵,女,软件学院,c20230018,123456,8,C
C20230019,尤晨阳,男,软件学院,c20230019,123456,8,C
C20230020,许悦琳,女,软件学院,c20230020,123456,8,C
C20230021,何梓睿,男,软件学院,c20230021,123456,8,C
C20230022,吕雨欣,女,软件学院,c20230022,123456,8,C
C20230023,施子墨,男,软件学院,c20230023,123456,8,C
C20230024,张心怡,女,软件学院,c20230024,123456,8,C
C20230025,孔文博,男,软件学院,c20230025,123456,8,C
C20230026,曹思源,女,软件学院,c20230026,123456,8,C
C20230027,华子谦,男,软件学院,c20230027,123456,8,C
C20230028,华嘉豪,男,软件学院,c20230028,123456,8,C
C20230029,金雨桐,女,软件学院,c20230029,123456,8,C
C20230030,魏明轩,男,软件学院,c20230030,123456,8,C
C20230031,陶思琪,女,软件学院,c20230031,123456,8,C
C20230032,姜浩宇,男,软件学院,c20230032,123456,8,C
C20230033,戚雅静,女,软件学院,c20230033,123456,8,C
C20230034,谢俊熙,男,软件学院,c20230034,123456,8,C
C20230035,邹语桐,女,软件学院,c20230035,123456,8,C
C20230036,喻梓豪,男,软件学院,c20230036,123456,8,C
C20230037,柏婉清,女,软件学院,c20230037,123456,8,C
C20230038,水雨泽,男,软件学院,c20230038,123456,8,C
C20230039,窦思颖,女,软件学院,c20230039,123456,8,C
C20230040,章明辉,男,软件学院,c20230040,123456,8,C
C20230041,云雅静,女,软件学院,c20230041,123456,8,C
C20230042,苏浩宇,男,软件学院,c20230042,123456,8,C
C20230043,潘思颖,女,软件学院,c20230043,123456,8,C
C20230044,葛明辉,男,软件学院,c20230044,123456,8,C
C20230045,奚雅静,女,软件学院,c20230045,123456,8,C
C20230046,郎俊熙,男,软件学院,c20230046,123456,8,C
C20230047,昌语桐,女,软件学院,c20230047,123456,8,C
C20230048,苗梓豪,男,软件学院,c20230048,123456,8,C
C20230049,凤婉清,女,软件学院,c20230049,123456,8,C
C20230050,花雨泽,男,软件学院,c20230050,123456,8,C
B2024001,王五,男,物理系,B2024001,pas001,9,B
B2024002,赵六,女,计算机系,B2024002,pas002,9,B
B2024003,孙七,男,数学系,B2024003,pas003,9,B
B2024004,周八,女,化学系,B2024004,pas004,9,B
B2024005,吴九,男,英语系,B2024005,pas005,9,B
B2024006,郑十,女,物理系,B2024006,pas006,9,B
B2024007,冯十一,男,计算机系,B2024007,pas007,9,B
B2024008,陈十二,女,数学系,B2024008,pas008,9,B
B2024009,褚十三,男,化学系,B2024009,pas009,9,B
B2024010,卫十四,女,英语系,B2024010,pas010,9,B
B2024011,蒋十五,男,物理系,B2024011,pas011,9,B
B2024012,沈十六,女,计算机系,B2024012,pas012,9,B
B2024013,韩十七,男,数学系,B2024013,pas013,9,B
B2024014,杨十八,女,化学系,B2024014,pas014,9,B
B2024015,朱十九,男,英语系,B2024015,pas015,9,B
B2024016,秦二十,女,物理系,B2024016,pas016,9,B
B2024017,许二一,男,计算机系,B2024017,pas017,9,B
B2024018,何二二,女,数学系,B2024018,pas018,9,B
B2024019,吕二三,男,化学系,B2024019,pas019,9,B
B2024020,施二四,女,英语系,B2024020,pas020,9,B
B2024021,张二五,男,物理系,B2024021,pas021,9,B
B2024022,孔二六,女,计算机系,B2024022,pas022,9,B
B2024023,曹二七,男,数学系,B2024023,pas023,9,B
B2024024,严二八,女,化学系,B2024024,pas024,9,B
B2024025,华二九,男,英语系,B2024025,pas025,9,B
B2024026,金三十,女,物理系,B2024026,pas026,9,B
B2024027,魏三一,男,计算机系,B2024027,pas027,9,B
B2024028,陶三二,女,数学系,B2024028,pas028,9,B
B2024029,姜三三,男,化学系,B2024029,pas029,9,B
B2024030,戚三四,女,英语系,B2024030,pas030,9,B
B2024031,谢三五,男,物理系,B2024031,pas031,9,B
B2024032,邹三六,女,计算机系,B2024032,pas032,9,B
B2024033,喻三七,男,数学系,B2024033,pas033,9,B
B2024034,柏三八,女,化学系,B2024034,pas034,9,B
B2024035,水三九,男,英语系,B2024035,pas035,9,B
B2024036,窦四十,女,物理系,B2024036,pas036,9,B
B2024037,章四一,男,计算机系,B2024037,pas037,9,B
B2024038,苏四二,女,数学系,B2024038,pas038,9,B
B2024039,潘四三,男,化学系,B2024039,pas039,9,B
B2024040,葛四四,女,英语系,B2024040,pas040,9,B
B2024041,范四五,男,物理系,B2024041,pas041,9,B
B2024042,彭四六,女,计算机系,B2024042,pas042,9,B
B2024043,鲁四七,男,数学系,B2024043,pas043,9,B
B2024044,韦四八,女,化学系,B2024044,pas044,9,B
B2024045,马四九,男,英语系,B2024045,pas045,9,B
B2024046,花五十,女,物理系,B2024046,pas046,9,B
B2024047,方五一,男,计算机系,B2024047,pas047,9,B
B2024048,俞五二,女,数学系,B2024048,pas048,9,B
B2024049,袁五三,男,化学系,B2024049,pas049,9,B
B2024050,柳五四,女,英语系,B2024050,pas050,9,B
C2024001,刘一,男,计算机系,C2024001,pw001,9,C
C2024002,陈二,女,数学系,C2024002,pw002,9,C
C2024003,杨三,男,物理系,C2024003,pw003,9,C
C2024004,黄四,女,化学系,C2024004,pw004,9,C
C2024005,林五,男,英语系,C2024005,pw005,9,C
C2024006,吴六,女,计算机系,C2024006,pw006,9,C
C2024007,周七,男,数学系,C2024007,pw007,9,C
C2024008,郑八,女,物理系,C2024008,pw008,9,C
C2024009,王九,男,化学系,C2024009,pw009,9,C
C2024010,冯十,女,英语系,C2024010,pw010,9,C
C2024011,褚一,男,计算机系,C2024011,pw011,9,C
C2024012,卫二,女,数学系,C2024012,pw012,9,C
C2024013,蒋三,男,物理系,C2024013,pw013,9,C
C2024014,沈四,女,化学系,C2024014,pw014,9,C
C2024015,韩五,男,英语系,C2024015,pw015,9,C
C2024016,朱六,女,计算机系,C2024016,pw016,9,C
C2024017,秦七,男,数学系,C2024017,pw017,9,C
C2024018,许八,女,物理系,C2024018,pw018,9,C
C2024019,何九,男,化学系,C2024019,pw019,9,C
C2024020,吕十,女,英语系,C2024020,pw020,9,C
C2024021,施一,男,计算机系,C2024021,pw021,9,C
C2024022,张二,女,数学系,C2024022,pw022,9,C
C2024023,孔三,男,物理系,C2024023,pw023,9,C
C2024024,曹四,女,化学系,C2024024,pw024,9,C
C2024025,严五,男,英语系,C2024025,pw025,9,C
C2024026,华六,女,计算机系,C2024026,pw026,9,C
C2024027,金七,男,数学系,C2024027,pw027,9,C
C2024028,魏八,女,物理系,C2024028,pw028,9,C
C2024029,陶九,男,化学系,C2024029,pw029,9,C
C2024030,姜十,女,英语系,C2024030,pw030,9,C
C2024031,戚一,男,计算机系,C2024031,pw031,9,C
C2024032,谢二,女,数学系,C2024032,pw032,9,C
C2024033,邹三,男,物理系,C2024033,pw033,9,C
C2024034,喻四,女,化学系,C2024034,pw034,9,C
C2024035,柏五,男,英语系,C2024035,pw035,9,C
C2024036,水六,女,计算机系,C2024036,pw036,9,C
C2024037,窦七,男,数学系,C2024037,pw037,9,C
C2024038,章八,女,物理系,C2024038,pw038,9,C
C2024039,苏九,男,化学系,C2024039,pw039,9,C
C2024040,潘十,女,英语系,C2024040,pw040,9,C
C2024041,葛一,男,计算机系,C2024041,pw041,9,C
C2024042,范二,女,数学系,C2024042,pw042,9,C
C2024043,彭三,男,物理系,C2024043,pw043,9,C
C2024044,鲁四,女,化学系,C2024044,pw044,9,C
C2024045,韦五,男,英语系,C2024045,pw045,9,C
C2024046,马六,女,计算机系,C2024046,pw046,9,C
C2024047,花七,男,数学系,C2024047,pw047,9,C
C2024048,方八,女,物理系,C2024048,pw048,9,C
C2024049,俞九,男,化学系,C2024049,pw049,9,C
C2024050,袁十,女,英语系,C2024050,pw050,9,C
