-- ============================================================
-- EduFusion 异构教务系统 - 三院统一数据库初始化脚本 (MySQL)
-- 数据规模：60学生/学院 + 12课程/学院 + 每生5门选课
-- ============================================================
CREATE DATABASE IF NOT EXISTS edufusion_iams CHARACTER SET utf8mb4 COLLATE utf8mb4_unicode_ci;
USE edufusion_iams;
SET NAMES utf8mb4;

-- ============================================================
-- 学院A 表结构 (SQL Server 风格字段名)
-- ============================================================
CREATE TABLE IF NOT EXISTS StudentA (
    sid VARCHAR(12) PRIMARY KEY,
    sname VARCHAR(20) NOT NULL,
    sex VARCHAR(2),
    dept VARCHAR(30),
    password VARCHAR(64) NOT NULL
);
CREATE TABLE IF NOT EXISTS CourseA (
    cid VARCHAR(10) PRIMARY KEY,
    cname VARCHAR(30) NOT NULL,
    credit INT NOT NULL,
    teacher VARCHAR(20),
    room VARCHAR(20),
    shareFlag CHAR(1) NOT NULL
);
CREATE TABLE IF NOT EXISTS SelectA (
    sid VARCHAR(12) NOT NULL,
    cid VARCHAR(10) NOT NULL,
    score INT NULL,
    PRIMARY KEY (sid, cid)
);
CREATE TABLE IF NOT EXISTS AdminA (
    username VARCHAR(32) PRIMARY KEY,
    password VARCHAR(64) NOT NULL
);

-- ============================================================
-- 学院B 表结构 (Oracle 风格字段名)
-- ============================================================
CREATE TABLE IF NOT EXISTS StudentB (
    sid VARCHAR(12) PRIMARY KEY,
    sname VARCHAR(20) NOT NULL,
    gender VARCHAR(2),
    major_name VARCHAR(30),
    passwd VARCHAR(64) NOT NULL
);
CREATE TABLE IF NOT EXISTS CourseB (
    cno VARCHAR(10) PRIMARY KEY,
    ctitle VARCHAR(40) NOT NULL,
    credit_num INT,
    instructor VARCHAR(30),
    classroom VARCHAR(20),
    share_flag CHAR(1) NOT NULL
);
CREATE TABLE IF NOT EXISTS SelectB (
    sid VARCHAR(12) NOT NULL,
    cno VARCHAR(10) NOT NULL,
    score INT,
    PRIMARY KEY (sid, cno)
);
CREATE TABLE IF NOT EXISTS AdminB (
    username VARCHAR(32) PRIMARY KEY,
    password VARCHAR(64) NOT NULL
);

-- ============================================================
-- 学院C 表结构 (MySQL 常规风格)
-- ============================================================
CREATE TABLE IF NOT EXISTS StudentC (
    sid VARCHAR(12) PRIMARY KEY,
    sname VARCHAR(20) NOT NULL,
    sex VARCHAR(2),
    major_name VARCHAR(30),
    password VARCHAR(64) NOT NULL
);
CREATE TABLE IF NOT EXISTS CourseC (
    cid VARCHAR(10) PRIMARY KEY,
    cname VARCHAR(30) NOT NULL,
    credit INT NOT NULL,
    teacher VARCHAR(20),
    room VARCHAR(20),
    is_shared CHAR(1) NOT NULL
);
CREATE TABLE IF NOT EXISTS SelectC (
    sid VARCHAR(12) NOT NULL,
    cid VARCHAR(10) NOT NULL,
    score INT NULL,
    PRIMARY KEY (sid, cid)
);
CREATE TABLE IF NOT EXISTS AdminC (
    username VARCHAR(32) PRIMARY KEY,
    password VARCHAR(64) NOT NULL
);

-- ============================================================
-- 学院A - 管理员账号
-- ============================================================
INSERT INTO AdminA(username, password) VALUES
('adminA', 'admin123'),
('adminA_super', 'admin456')
ON DUPLICATE KEY UPDATE password = VALUES(password);

-- ============================================================
-- 学院B - 管理员账号
-- ============================================================
INSERT INTO AdminB(username, password) VALUES
('adminB', 'admin123'),
('adminB_super', 'admin456')
ON DUPLICATE KEY UPDATE password = VALUES(password);

-- ============================================================
-- 学院C - 管理员账号
-- ============================================================
INSERT INTO AdminC(username, password) VALUES
('adminC', 'admin123'),
('adminC_super', 'admin456')
ON DUPLICATE KEY UPDATE password = VALUES(password);

-- ============================================================
-- 学院A - 60名学生
-- ============================================================
INSERT INTO StudentA(sid, sname, sex, dept, password) VALUES
('A001', '王明', 'M', '计算机科学', '123456'),
('A002', '王华', 'F', '计算机科学', '123456'),
('A003', '王强', 'M', '计算机科学', '123456'),
('A004', '王丽', 'F', '计算机科学', '123456'),
('A005', '王杰', 'M', '计算机科学', '123456'),
('A006', '李明', 'M', '软件工程', '123456'),
('A007', '李华', 'F', '软件工程', '123456'),
('A008', '李强', 'M', '软件工程', '123456'),
('A009', '李丽', 'F', '软件工程', '123456'),
('A010', '李杰', 'M', '软件工程', '123456'),
('A011', '张明', 'M', '人工智能', '123456'),
('A012', '张华', 'F', '人工智能', '123456'),
('A013', '张强', 'M', '人工智能', '123456'),
('A014', '张丽', 'F', '人工智能', '123456'),
('A015', '张杰', 'M', '人工智能', '123456'),
('A016', '刘明', 'M', '数据科学', '123456'),
('A017', '刘华', 'F', '数据科学', '123456'),
('A018', '刘强', 'M', '数据科学', '123456'),
('A019', '刘丽', 'F', '数据科学', '123456'),
('A020', '刘杰', 'M', '数据科学', '123456'),
('A021', '陈明', 'M', '网络工程', '123456'),
('A022', '陈华', 'F', '网络工程', '123456'),
('A023', '陈强', 'M', '网络工程', '123456'),
('A024', '陈丽', 'F', '网络工程', '123456'),
('A025', '陈杰', 'M', '网络工程', '123456'),
('A026', '杨明', 'M', '计算机科学', '123456'),
('A027', '杨华', 'F', '计算机科学', '123456'),
('A028', '杨强', 'M', '计算机科学', '123456'),
('A029', '杨丽', 'F', '计算机科学', '123456'),
('A030', '杨杰', 'M', '计算机科学', '123456'),
('A031', '赵明', 'M', '软件工程', '123456'),
('A032', '赵华', 'F', '软件工程', '123456'),
('A033', '赵强', 'M', '软件工程', '123456'),
('A034', '赵丽', 'F', '软件工程', '123456'),
('A035', '赵杰', 'M', '软件工程', '123456'),
('A036', '黄明', 'M', '人工智能', '123456'),
('A037', '黄华', 'F', '人工智能', '123456'),
('A038', '黄强', 'M', '人工智能', '123456'),
('A039', '黄丽', 'F', '人工智能', '123456'),
('A040', '黄杰', 'M', '人工智能', '123456'),
('A041', '周明', 'M', '数据科学', '123456'),
('A042', '周华', 'F', '数据科学', '123456'),
('A043', '周强', 'M', '数据科学', '123456'),
('A044', '周丽', 'F', '数据科学', '123456'),
('A045', '周杰', 'M', '数据科学', '123456'),
('A046', '吴明', 'M', '网络工程', '123456'),
('A047', '吴华', 'F', '网络工程', '123456'),
('A048', '吴强', 'M', '网络工程', '123456'),
('A049', '吴丽', 'F', '网络工程', '123456'),
('A050', '吴杰', 'M', '网络工程', '123456'),
('A051', '徐明', 'M', '计算机科学', '123456'),
('A052', '徐华', 'F', '计算机科学', '123456'),
('A053', '徐强', 'M', '计算机科学', '123456'),
('A054', '徐丽', 'F', '计算机科学', '123456'),
('A055', '徐杰', 'M', '计算机科学', '123456'),
('A056', '孙明', 'M', '软件工程', '123456'),
('A057', '孙华', 'F', '软件工程', '123456'),
('A058', '孙强', 'M', '软件工程', '123456'),
('A059', '孙丽', 'F', '软件工程', '123456'),
('A060', '孙杰', 'M', '软件工程', '123456')
ON DUPLICATE KEY UPDATE sname = VALUES(sname), sex = VALUES(sex), dept = VALUES(dept), password = VALUES(password);

-- ============================================================
-- 学院B - 60名学生
-- ============================================================
INSERT INTO StudentB(sid, sname, gender, major_name, passwd) VALUES
('B001', '林伟', 'M', '金融学', '123456'),
('B002', '林芳', 'F', '金融学', '123456'),
('B003', '林娜', 'F', '金融学', '123456'),
('B004', '林涛', 'M', '金融学', '123456'),
('B005', '林洋', 'M', '金融学', '123456'),
('B006', '何伟', 'M', '经济学', '123456'),
('B007', '何芳', 'F', '经济学', '123456'),
('B008', '何娜', 'F', '经济学', '123456'),
('B009', '何涛', 'M', '经济学', '123456'),
('B010', '何洋', 'M', '经济学', '123456'),
('B011', '郭伟', 'M', '管理学', '123456'),
('B012', '郭芳', 'F', '管理学', '123456'),
('B013', '郭娜', 'F', '管理学', '123456'),
('B014', '郭涛', 'M', '管理学', '123456'),
('B015', '郭洋', 'M', '管理学', '123456'),
('B016', '马伟', 'M', '会计学', '123456'),
('B017', '马芳', 'F', '会计学', '123456'),
('B018', '马娜', 'F', '会计学', '123456'),
('B019', '马涛', 'M', '会计学', '123456'),
('B020', '马洋', 'M', '会计学', '123456'),
('B021', '罗伟', 'M', '法学', '123456'),
('B022', '罗芳', 'F', '法学', '123456'),
('B023', '罗娜', 'F', '法学', '123456'),
('B024', '罗涛', 'M', '法学', '123456'),
('B025', '罗洋', 'M', '法学', '123456'),
('B026', '梁伟', 'M', '金融学', '123456'),
('B027', '梁芳', 'F', '金融学', '123456'),
('B028', '梁娜', 'F', '金融学', '123456'),
('B029', '梁涛', 'M', '金融学', '123456'),
('B030', '梁洋', 'M', '金融学', '123456'),
('B031', '宋伟', 'M', '经济学', '123456'),
('B032', '宋芳', 'F', '经济学', '123456'),
('B033', '宋娜', 'F', '经济学', '123456'),
('B034', '宋涛', 'M', '经济学', '123456'),
('B035', '宋洋', 'M', '经济学', '123456'),
('B036', '郑伟', 'M', '管理学', '123456'),
('B037', '郑芳', 'F', '管理学', '123456'),
('B038', '郑娜', 'F', '管理学', '123456'),
('B039', '郑涛', 'M', '管理学', '123456'),
('B040', '郑洋', 'M', '管理学', '123456'),
('B041', '谢伟', 'M', '会计学', '123456'),
('B042', '谢芳', 'F', '会计学', '123456'),
('B043', '谢娜', 'F', '会计学', '123456'),
('B044', '谢涛', 'M', '会计学', '123456'),
('B045', '谢洋', 'M', '会计学', '123456'),
('B046', '韩伟', 'M', '法学', '123456'),
('B047', '韩芳', 'F', '法学', '123456'),
('B048', '韩娜', 'F', '法学', '123456'),
('B049', '韩涛', 'M', '法学', '123456'),
('B050', '韩洋', 'M', '法学', '123456'),
('B051', '唐伟', 'M', '金融学', '123456'),
('B052', '唐芳', 'F', '金融学', '123456'),
('B053', '唐娜', 'F', '金融学', '123456'),
('B054', '唐涛', 'M', '金融学', '123456'),
('B055', '唐洋', 'M', '金融学', '123456'),
('B056', '冯伟', 'M', '经济学', '123456'),
('B057', '冯芳', 'F', '经济学', '123456'),
('B058', '冯娜', 'F', '经济学', '123456'),
('B059', '冯涛', 'M', '经济学', '123456'),
('B060', '冯洋', 'M', '经济学', '123456')
ON DUPLICATE KEY UPDATE sname = VALUES(sname), gender = VALUES(gender), major_name = VALUES(major_name), passwd = VALUES(passwd);

-- ============================================================
-- 学院C - 60名学生
-- ============================================================
INSERT INTO StudentC(sid, sname, sex, major_name, password) VALUES
('C001', '程浩', 'M', '电子工程', '123456'),
('C002', '程晶', 'F', '电子工程', '123456'),
('C003', '程鹏', 'M', '电子工程', '123456'),
('C004', '程婷', 'F', '电子工程', '123456'),
('C005', '程飞', 'M', '电子工程', '123456'),
('C006', '曹浩', 'M', '自动化', '123456'),
('C007', '曹晶', 'F', '自动化', '123456'),
('C008', '曹鹏', 'M', '自动化', '123456'),
('C009', '曹婷', 'F', '自动化', '123456'),
('C010', '曹飞', 'M', '自动化', '123456'),
('C011', '袁浩', 'M', '物联网', '123456'),
('C012', '袁晶', 'F', '物联网', '123456'),
('C013', '袁鹏', 'M', '物联网', '123456'),
('C014', '袁婷', 'F', '物联网', '123456'),
('C015', '袁飞', 'M', '物联网', '123456'),
('C016', '邓浩', 'M', '通信工程', '123456'),
('C017', '邓晶', 'F', '通信工程', '123456'),
('C018', '邓鹏', 'M', '通信工程', '123456'),
('C019', '邓婷', 'F', '通信工程', '123456'),
('C020', '邓飞', 'M', '通信工程', '123456'),
('C021', '许浩', 'M', '信息安全', '123456'),
('C022', '许晶', 'F', '信息安全', '123456'),
('C023', '许鹏', 'M', '信息安全', '123456'),
('C024', '许婷', 'F', '信息安全', '123456'),
('C025', '许飞', 'M', '信息安全', '123456'),
('C026', '傅浩', 'M', '电子工程', '123456'),
('C027', '傅晶', 'F', '电子工程', '123456'),
('C028', '傅鹏', 'M', '电子工程', '123456'),
('C029', '傅婷', 'F', '电子工程', '123456'),
('C030', '傅飞', 'M', '电子工程', '123456'),
('C031', '沈浩', 'M', '自动化', '123456'),
('C032', '沈晶', 'F', '自动化', '123456'),
('C033', '沈鹏', 'M', '自动化', '123456'),
('C034', '沈婷', 'F', '自动化', '123456'),
('C035', '沈飞', 'M', '自动化', '123456'),
('C036', '曾浩', 'M', '物联网', '123456'),
('C037', '曾晶', 'F', '物联网', '123456'),
('C038', '曾鹏', 'M', '物联网', '123456'),
('C039', '曾婷', 'F', '物联网', '123456'),
('C040', '曾飞', 'M', '物联网', '123456'),
('C041', '彭浩', 'M', '通信工程', '123456'),
('C042', '彭晶', 'F', '通信工程', '123456'),
('C043', '彭鹏', 'M', '通信工程', '123456'),
('C044', '彭婷', 'F', '通信工程', '123456'),
('C045', '彭飞', 'M', '通信工程', '123456'),
('C046', '吕浩', 'M', '信息安全', '123456'),
('C047', '吕晶', 'F', '信息安全', '123456'),
('C048', '吕鹏', 'M', '信息安全', '123456'),
('C049', '吕婷', 'F', '信息安全', '123456'),
('C050', '吕飞', 'M', '信息安全', '123456'),
('C051', '苏浩', 'M', '电子工程', '123456'),
('C052', '苏晶', 'F', '电子工程', '123456'),
('C053', '苏鹏', 'M', '电子工程', '123456'),
('C054', '苏婷', 'F', '电子工程', '123456'),
('C055', '苏飞', 'M', '电子工程', '123456'),
('C056', '卢浩', 'M', '自动化', '123456'),
('C057', '卢晶', 'F', '自动化', '123456'),
('C058', '卢鹏', 'M', '自动化', '123456'),
('C059', '卢婷', 'F', '自动化', '123456'),
('C060', '卢飞', 'M', '自动化', '123456')
ON DUPLICATE KEY UPDATE sname = VALUES(sname), sex = VALUES(sex), major_name = VALUES(major_name), password = VALUES(password);

-- ============================================================
-- 学院A - 12门课程 (含共享标记)
--    shareFlag='1' = 共享, '0' = 非共享
-- ============================================================
INSERT INTO CourseA(cid, cname, credit, teacher, room, shareFlag) VALUES
('A101', '高等数学', 4, '张教授', 'A-101', '1'),
('A102', '线性代数', 3, '李教授', 'A-102', '0'),
('A103', '数据结构', 4, '王教授', 'A-103', '1'),
('A104', '计算机网络', 3, '赵教授', 'A-104', '1'),
('A105', '概率论', 3, '陈教授', 'A-105', '0'),
('A106', '编译原理', 4, '刘教授', 'A-106', '1'),
('A107', '操作系统', 4, '杨教授', 'A-107', '1'),
('A108', '数据库原理', 3, '周教授', 'A-108', '0'),
('A109', '软件工程', 3, '吴教授', 'A-109', '1'),
('A110', '人工智能导论', 3, '孙教授', 'A-110', '1'),
('A111', '计算机图形学', 2, '黄教授', 'A-111', '0'),
('A112', '算法设计与分析', 4, '徐教授', 'A-112', '1')
ON DUPLICATE KEY UPDATE cname = VALUES(cname), credit = VALUES(credit), teacher = VALUES(teacher), room = VALUES(room), shareFlag = VALUES(shareFlag);

-- ============================================================
-- 学院B - 12门课程 (Oracle风格字段)
-- ============================================================
INSERT INTO CourseB(cno, ctitle, credit_num, instructor, classroom, share_flag) VALUES
('B101', '数据库系统', 3, '赵教授', 'B-201', '1'),
('B102', '操作系统原理', 4, '钱教授', 'B-202', '0'),
('B103', '软件工程实践', 3, '孙教授', 'B-203', '1'),
('B104', 'Web开发技术', 2, '李教授', 'B-204', '1'),
('B105', '数据挖掘', 3, '周教授', 'B-205', '0'),
('B106', '云计算技术', 3, '吴教授', 'B-206', '1'),
('B107', '大数据技术', 3, '郑教授', 'B-207', '1'),
('B108', '网络安全', 3, '王教授', 'B-208', '0'),
('B109', '移动应用开发', 2, '冯教授', 'B-209', '1'),
('B110', '分布式系统', 4, '陈教授', 'B-210', '1'),
('B111', '人机交互设计', 2, '褚教授', 'B-211', '0'),
('B112', '项目管理', 2, '卫教授', 'B-212', '1')
ON DUPLICATE KEY UPDATE ctitle = VALUES(ctitle), credit_num = VALUES(credit_num), instructor = VALUES(instructor), classroom = VALUES(classroom), share_flag = VALUES(share_flag);

-- ============================================================
-- 学院C - 12门课程
-- ============================================================
INSERT INTO CourseC(cid, cname, credit, teacher, room, is_shared) VALUES
('C101', '机器学习', 3, '周教授', 'C-301', '1'),
('C102', '大数据导论', 2, '吴教授', 'C-302', '0'),
('C103', '深度学习', 3, '郑教授', 'C-303', '1'),
('C104', 'Python程序设计', 2, '王教授', 'C-304', '1'),
('C105', '分布式系统', 4, '冯教授', 'C-305', '0'),
('C106', '信息安全', 3, '陈教授', 'C-306', '1'),
('C107', '自然语言处理', 3, '褚教授', 'C-307', '1'),
('C108', '计算机视觉', 3, '卫教授', 'C-308', '0'),
('C109', '强化学习', 3, '蒋教授', 'C-309', '1'),
('C110', '数据可视化', 2, '沈教授', 'C-310', '1'),
('C111', '嵌入式系统', 3, '韩教授', 'C-311', '0'),
('C112', '物联网技术', 3, '杨教授', 'C-312', '1')
ON DUPLICATE KEY UPDATE cname = VALUES(cname), credit = VALUES(credit), teacher = VALUES(teacher), room = VALUES(room), is_shared = VALUES(is_shared);

-- ============================================================
-- 学院A - 选课数据 (每生5门，60生×5=300条)
-- 模式：学生A001选A101,A102,A103,A104,A105
--       学生A002选A101,A102,A103,A104,A106  (最后一门轮转)
--       学生A009起整体偏移，保证各课程选课均匀
-- ============================================================
INSERT INTO SelectA(sid, cid, score) VALUES
('A001','A101',NULL),('A001','A102',NULL),('A001','A103',NULL),('A001','A104',NULL),('A001','A105',NULL),
('A002','A101',NULL),('A002','A102',NULL),('A002','A103',NULL),('A002','A104',NULL),('A002','A106',NULL),
('A003','A101',NULL),('A003','A102',NULL),('A003','A103',NULL),('A003','A104',NULL),('A003','A107',NULL),
('A004','A101',NULL),('A004','A102',NULL),('A004','A103',NULL),('A004','A104',NULL),('A004','A108',NULL),
('A005','A101',NULL),('A005','A102',NULL),('A005','A103',NULL),('A005','A104',NULL),('A005','A109',NULL),
('A006','A101',NULL),('A006','A102',NULL),('A006','A103',NULL),('A006','A104',NULL),('A006','A110',NULL),
('A007','A101',NULL),('A007','A102',NULL),('A007','A103',NULL),('A007','A104',NULL),('A007','A111',NULL),
('A008','A101',NULL),('A008','A102',NULL),('A008','A103',NULL),('A008','A104',NULL),('A008','A112',NULL),
('A009','A102',NULL),('A009','A103',NULL),('A009','A104',NULL),('A009','A105',NULL),('A009','A106',NULL),
('A010','A102',NULL),('A010','A103',NULL),('A010','A104',NULL),('A010','A105',NULL),('A010','A107',NULL),
('A011','A102',NULL),('A011','A103',NULL),('A011','A104',NULL),('A011','A105',NULL),('A011','A108',NULL),
('A012','A102',NULL),('A012','A103',NULL),('A012','A104',NULL),('A012','A105',NULL),('A012','A109',NULL),
('A013','A102',NULL),('A013','A103',NULL),('A013','A104',NULL),('A013','A105',NULL),('A013','A110',NULL),
('A014','A102',NULL),('A014','A103',NULL),('A014','A104',NULL),('A014','A105',NULL),('A014','A111',NULL),
('A015','A102',NULL),('A015','A103',NULL),('A015','A104',NULL),('A015','A105',NULL),('A015','A112',NULL),
('A016','A103',NULL),('A016','A104',NULL),('A016','A105',NULL),('A016','A106',NULL),('A016','A107',NULL),
('A017','A103',NULL),('A017','A104',NULL),('A017','A105',NULL),('A017','A106',NULL),('A017','A108',NULL),
('A018','A103',NULL),('A018','A104',NULL),('A018','A105',NULL),('A018','A106',NULL),('A018','A109',NULL),
('A019','A103',NULL),('A019','A104',NULL),('A019','A105',NULL),('A019','A106',NULL),('A019','A110',NULL),
('A020','A103',NULL),('A020','A104',NULL),('A020','A105',NULL),('A020','A106',NULL),('A020','A111',NULL),
('A021','A103',NULL),('A021','A104',NULL),('A021','A105',NULL),('A021','A106',NULL),('A021','A112',NULL),
('A022','A104',NULL),('A022','A105',NULL),('A022','A106',NULL),('A022','A107',NULL),('A022','A108',NULL),
('A023','A104',NULL),('A023','A105',NULL),('A023','A106',NULL),('A023','A107',NULL),('A023','A109',NULL),
('A024','A104',NULL),('A024','A105',NULL),('A024','A106',NULL),('A024','A107',NULL),('A024','A110',NULL),
('A025','A104',NULL),('A025','A105',NULL),('A025','A106',NULL),('A025','A107',NULL),('A025','A111',NULL),
('A026','A104',NULL),('A026','A105',NULL),('A026','A106',NULL),('A026','A107',NULL),('A026','A112',NULL),
('A027','A105',NULL),('A027','A106',NULL),('A027','A107',NULL),('A027','A108',NULL),('A027','A109',NULL),
('A028','A105',NULL),('A028','A106',NULL),('A028','A107',NULL),('A028','A108',NULL),('A028','A110',NULL),
('A029','A105',NULL),('A029','A106',NULL),('A029','A107',NULL),('A029','A108',NULL),('A029','A111',NULL),
('A030','A105',NULL),('A030','A106',NULL),('A030','A107',NULL),('A030','A108',NULL),('A030','A112',NULL),
('A031','A106',NULL),('A031','A107',NULL),('A031','A108',NULL),('A031','A109',NULL),('A031','A110',NULL),
('A032','A106',NULL),('A032','A107',NULL),('A032','A108',NULL),('A032','A109',NULL),('A032','A111',NULL),
('A033','A106',NULL),('A033','A107',NULL),('A033','A108',NULL),('A033','A109',NULL),('A033','A112',NULL),
('A034','A107',NULL),('A034','A108',NULL),('A034','A109',NULL),('A034','A110',NULL),('A034','A111',NULL),
('A035','A107',NULL),('A035','A108',NULL),('A035','A109',NULL),('A035','A110',NULL),('A035','A112',NULL),
('A036','A108',NULL),('A036','A109',NULL),('A036','A110',NULL),('A036','A111',NULL),('A036','A112',NULL),
('A037','A101',NULL),('A037','A103',NULL),('A037','A105',NULL),('A037','A107',NULL),('A037','A109',NULL),
('A038','A101',NULL),('A038','A103',NULL),('A038','A105',NULL),('A038','A107',NULL),('A038','A110',NULL),
('A039','A101',NULL),('A039','A103',NULL),('A039','A105',NULL),('A039','A107',NULL),('A039','A111',NULL),
('A040','A101',NULL),('A040','A103',NULL),('A040','A105',NULL),('A040','A107',NULL),('A040','A112',NULL),
('A041','A102',NULL),('A041','A104',NULL),('A041','A106',NULL),('A041','A108',NULL),('A041','A110',NULL),
('A042','A102',NULL),('A042','A104',NULL),('A042','A106',NULL),('A042','A108',NULL),('A042','A111',NULL),
('A043','A102',NULL),('A043','A104',NULL),('A043','A106',NULL),('A043','A108',NULL),('A043','A112',NULL),
('A044','A103',NULL),('A044','A105',NULL),('A044','A107',NULL),('A044','A109',NULL),('A044','A111',NULL),
('A045','A103',NULL),('A045','A105',NULL),('A045','A107',NULL),('A045','A109',NULL),('A045','A112',NULL),
('A046','A104',NULL),('A046','A106',NULL),('A046','A108',NULL),('A046','A110',NULL),('A046','A112',NULL),
('A047','A101',NULL),('A047','A104',NULL),('A047','A107',NULL),('A047','A110',NULL),('A047','A112',NULL),
('A048','A102',NULL),('A048','A105',NULL),('A048','A108',NULL),('A048','A111',NULL),('A048','A112',NULL),
('A049','A101',NULL),('A049','A105',NULL),('A049','A109',NULL),('A049','A110',NULL),('A049','A111',NULL),
('A050','A102',NULL),('A050','A106',NULL),('A050','A107',NULL),('A050','A108',NULL),('A050','A109',NULL),
('A051','A103',NULL),('A051','A107',NULL),('A051','A108',NULL),('A051','A109',NULL),('A051','A110',NULL),
('A052','A104',NULL),('A052','A108',NULL),('A052','A109',NULL),('A052','A110',NULL),('A052','A111',NULL),
('A053','A101',NULL),('A053','A106',NULL),('A053','A109',NULL),('A053','A111',NULL),('A053','A112',NULL),
('A054','A102',NULL),('A054','A107',NULL),('A054','A110',NULL),('A054','A111',NULL),('A054','A112',NULL),
('A055','A103',NULL),('A055','A108',NULL),('A055','A110',NULL),('A055','A111',NULL),('A055','A112',NULL),
('A056','A101',NULL),('A056','A102',NULL),('A056','A108',NULL),('A056','A110',NULL),('A056','A112',NULL),
('A057','A102',NULL),('A057','A103',NULL),('A057','A109',NULL),('A057','A111',NULL),('A057','A112',NULL),
('A058','A103',NULL),('A058','A104',NULL),('A058','A110',NULL),('A058','A111',NULL),('A058','A112',NULL),
('A059','A104',NULL),('A059','A105',NULL),('A059','A106',NULL),('A059','A111',NULL),('A059','A112',NULL),
('A060','A105',NULL),('A060','A106',NULL),('A060','A107',NULL),('A060','A108',NULL),('A060','A112',NULL)
ON DUPLICATE KEY UPDATE score = VALUES(score);

-- ============================================================
-- 学院B - 选课数据 (每生5门，60生×5=300条)
-- ============================================================
INSERT INTO SelectB(sid, cno, score) VALUES
('B001','B101',NULL),('B001','B102',NULL),('B001','B103',NULL),('B001','B104',NULL),('B001','B105',NULL),
('B002','B101',NULL),('B002','B102',NULL),('B002','B103',NULL),('B002','B104',NULL),('B002','B106',NULL),
('B003','B101',NULL),('B003','B102',NULL),('B003','B103',NULL),('B003','B104',NULL),('B003','B107',NULL),
('B004','B101',NULL),('B004','B102',NULL),('B004','B103',NULL),('B004','B104',NULL),('B004','B108',NULL),
('B005','B101',NULL),('B005','B102',NULL),('B005','B103',NULL),('B005','B104',NULL),('B005','B109',NULL),
('B006','B101',NULL),('B006','B102',NULL),('B006','B103',NULL),('B006','B104',NULL),('B006','B110',NULL),
('B007','B101',NULL),('B007','B102',NULL),('B007','B103',NULL),('B007','B104',NULL),('B007','B111',NULL),
('B008','B101',NULL),('B008','B102',NULL),('B008','B103',NULL),('B008','B104',NULL),('B008','B112',NULL),
('B009','B102',NULL),('B009','B103',NULL),('B009','B104',NULL),('B009','B105',NULL),('B009','B106',NULL),
('B010','B102',NULL),('B010','B103',NULL),('B010','B104',NULL),('B010','B105',NULL),('B010','B107',NULL),
('B011','B102',NULL),('B011','B103',NULL),('B011','B104',NULL),('B011','B105',NULL),('B011','B108',NULL),
('B012','B102',NULL),('B012','B103',NULL),('B012','B104',NULL),('B012','B105',NULL),('B012','B109',NULL),
('B013','B102',NULL),('B013','B103',NULL),('B013','B104',NULL),('B013','B105',NULL),('B013','B110',NULL),
('B014','B102',NULL),('B014','B103',NULL),('B014','B104',NULL),('B014','B105',NULL),('B014','B111',NULL),
('B015','B102',NULL),('B015','B103',NULL),('B015','B104',NULL),('B015','B105',NULL),('B015','B112',NULL),
('B016','B103',NULL),('B016','B104',NULL),('B016','B105',NULL),('B016','B106',NULL),('B016','B107',NULL),
('B017','B103',NULL),('B017','B104',NULL),('B017','B105',NULL),('B017','B106',NULL),('B017','B108',NULL),
('B018','B103',NULL),('B018','B104',NULL),('B018','B105',NULL),('B018','B106',NULL),('B018','B109',NULL),
('B019','B103',NULL),('B019','B104',NULL),('B019','B105',NULL),('B019','B106',NULL),('B019','B110',NULL),
('B020','B103',NULL),('B020','B104',NULL),('B020','B105',NULL),('B020','B106',NULL),('B020','B111',NULL),
('B021','B103',NULL),('B021','B104',NULL),('B021','B105',NULL),('B021','B106',NULL),('B021','B112',NULL),
('B022','B104',NULL),('B022','B105',NULL),('B022','B106',NULL),('B022','B107',NULL),('B022','B108',NULL),
('B023','B104',NULL),('B023','B105',NULL),('B023','B106',NULL),('B023','B107',NULL),('B023','B109',NULL),
('B024','B104',NULL),('B024','B105',NULL),('B024','B106',NULL),('B024','B107',NULL),('B024','B110',NULL),
('B025','B104',NULL),('B025','B105',NULL),('B025','B106',NULL),('B025','B107',NULL),('B025','B111',NULL),
('B026','B104',NULL),('B026','B105',NULL),('B026','B106',NULL),('B026','B107',NULL),('B026','B112',NULL),
('B027','B105',NULL),('B027','B106',NULL),('B027','B107',NULL),('B027','B108',NULL),('B027','B109',NULL),
('B028','B105',NULL),('B028','B106',NULL),('B028','B107',NULL),('B028','B108',NULL),('B028','B110',NULL),
('B029','B105',NULL),('B029','B106',NULL),('B029','B107',NULL),('B029','B108',NULL),('B029','B111',NULL),
('B030','B105',NULL),('B030','B106',NULL),('B030','B107',NULL),('B030','B108',NULL),('B030','B112',NULL),
('B031','B106',NULL),('B031','B107',NULL),('B031','B108',NULL),('B031','B109',NULL),('B031','B110',NULL),
('B032','B106',NULL),('B032','B107',NULL),('B032','B108',NULL),('B032','B109',NULL),('B032','B111',NULL),
('B033','B106',NULL),('B033','B107',NULL),('B033','B108',NULL),('B033','B109',NULL),('B033','B112',NULL),
('B034','B107',NULL),('B034','B108',NULL),('B034','B109',NULL),('B034','B110',NULL),('B034','B111',NULL),
('B035','B107',NULL),('B035','B108',NULL),('B035','B109',NULL),('B035','B110',NULL),('B035','B112',NULL),
('B036','B108',NULL),('B036','B109',NULL),('B036','B110',NULL),('B036','B111',NULL),('B036','B112',NULL),
('B037','B101',NULL),('B037','B103',NULL),('B037','B105',NULL),('B037','B107',NULL),('B037','B109',NULL),
('B038','B101',NULL),('B038','B103',NULL),('B038','B105',NULL),('B038','B107',NULL),('B038','B110',NULL),
('B039','B101',NULL),('B039','B103',NULL),('B039','B105',NULL),('B039','B107',NULL),('B039','B111',NULL),
('B040','B101',NULL),('B040','B103',NULL),('B040','B105',NULL),('B040','B107',NULL),('B040','B112',NULL),
('B041','B102',NULL),('B041','B104',NULL),('B041','B106',NULL),('B041','B108',NULL),('B041','B110',NULL),
('B042','B102',NULL),('B042','B104',NULL),('B042','B106',NULL),('B042','B108',NULL),('B042','B111',NULL),
('B043','B102',NULL),('B043','B104',NULL),('B043','B106',NULL),('B043','B108',NULL),('B043','B112',NULL),
('B044','B103',NULL),('B044','B105',NULL),('B044','B107',NULL),('B044','B109',NULL),('B044','B111',NULL),
('B045','B103',NULL),('B045','B105',NULL),('B045','B107',NULL),('B045','B109',NULL),('B045','B112',NULL),
('B046','B104',NULL),('B046','B106',NULL),('B046','B108',NULL),('B046','B110',NULL),('B046','B112',NULL),
('B047','B101',NULL),('B047','B104',NULL),('B047','B107',NULL),('B047','B110',NULL),('B047','B112',NULL),
('B048','B102',NULL),('B048','B105',NULL),('B048','B108',NULL),('B048','B111',NULL),('B048','B112',NULL),
('B049','B101',NULL),('B049','B105',NULL),('B049','B109',NULL),('B049','B110',NULL),('B049','B111',NULL),
('B050','B102',NULL),('B050','B106',NULL),('B050','B107',NULL),('B050','B108',NULL),('B050','B109',NULL),
('B051','B103',NULL),('B051','B107',NULL),('B051','B108',NULL),('B051','B109',NULL),('B051','B110',NULL),
('B052','B104',NULL),('B052','B108',NULL),('B052','B109',NULL),('B052','B110',NULL),('B052','B111',NULL),
('B053','B101',NULL),('B053','B106',NULL),('B053','B109',NULL),('B053','B111',NULL),('B053','B112',NULL),
('B054','B102',NULL),('B054','B107',NULL),('B054','B110',NULL),('B054','B111',NULL),('B054','B112',NULL),
('B055','B103',NULL),('B055','B108',NULL),('B055','B110',NULL),('B055','B111',NULL),('B055','B112',NULL),
('B056','B101',NULL),('B056','B102',NULL),('B056','B108',NULL),('B056','B110',NULL),('B056','B112',NULL),
('B057','B102',NULL),('B057','B103',NULL),('B057','B109',NULL),('B057','B111',NULL),('B057','B112',NULL),
('B058','B103',NULL),('B058','B104',NULL),('B058','B110',NULL),('B058','B111',NULL),('B058','B112',NULL),
('B059','B104',NULL),('B059','B105',NULL),('B059','B106',NULL),('B059','B111',NULL),('B059','B112',NULL),
('B060','B105',NULL),('B060','B106',NULL),('B060','B107',NULL),('B060','B108',NULL),('B060','B112',NULL)
ON DUPLICATE KEY UPDATE score = VALUES(score);

-- ============================================================
-- 学院C - 选课数据 (每生5门，60生×5=300条)
-- ============================================================
INSERT INTO SelectC(sid, cid, score) VALUES
('C001','C101',NULL),('C001','C102',NULL),('C001','C103',NULL),('C001','C104',NULL),('C001','C105',NULL),
('C002','C101',NULL),('C002','C102',NULL),('C002','C103',NULL),('C002','C104',NULL),('C002','C106',NULL),
('C003','C101',NULL),('C003','C102',NULL),('C003','C103',NULL),('C003','C104',NULL),('C003','C107',NULL),
('C004','C101',NULL),('C004','C102',NULL),('C004','C103',NULL),('C004','C104',NULL),('C004','C108',NULL),
('C005','C101',NULL),('C005','C102',NULL),('C005','C103',NULL),('C005','C104',NULL),('C005','C109',NULL),
('C006','C101',NULL),('C006','C102',NULL),('C006','C103',NULL),('C006','C104',NULL),('C006','C110',NULL),
('C007','C101',NULL),('C007','C102',NULL),('C007','C103',NULL),('C007','C104',NULL),('C007','C111',NULL),
('C008','C101',NULL),('C008','C102',NULL),('C008','C103',NULL),('C008','C104',NULL),('C008','C112',NULL),
('C009','C102',NULL),('C009','C103',NULL),('C009','C104',NULL),('C009','C105',NULL),('C009','C106',NULL),
('C010','C102',NULL),('C010','C103',NULL),('C010','C104',NULL),('C010','C105',NULL),('C010','C107',NULL),
('C011','C102',NULL),('C011','C103',NULL),('C011','C104',NULL),('C011','C105',NULL),('C011','C108',NULL),
('C012','C102',NULL),('C012','C103',NULL),('C012','C104',NULL),('C012','C105',NULL),('C012','C109',NULL),
('C013','C102',NULL),('C013','C103',NULL),('C013','C104',NULL),('C013','C105',NULL),('C013','C110',NULL),
('C014','C102',NULL),('C014','C103',NULL),('C014','C104',NULL),('C014','C105',NULL),('C014','C111',NULL),
('C015','C102',NULL),('C015','C103',NULL),('C015','C104',NULL),('C015','C105',NULL),('C015','C112',NULL),
('C016','C103',NULL),('C016','C104',NULL),('C016','C105',NULL),('C016','C106',NULL),('C016','C107',NULL),
('C017','C103',NULL),('C017','C104',NULL),('C017','C105',NULL),('C017','C106',NULL),('C017','C108',NULL),
('C018','C103',NULL),('C018','C104',NULL),('C018','C105',NULL),('C018','C106',NULL),('C018','C109',NULL),
('C019','C103',NULL),('C019','C104',NULL),('C019','C105',NULL),('C019','C106',NULL),('C019','C110',NULL),
('C020','C103',NULL),('C020','C104',NULL),('C020','C105',NULL),('C020','C106',NULL),('C020','C111',NULL),
('C021','C103',NULL),('C021','C104',NULL),('C021','C105',NULL),('C021','C106',NULL),('C021','C112',NULL),
('C022','C104',NULL),('C022','C105',NULL),('C022','C106',NULL),('C022','C107',NULL),('C022','C108',NULL),
('C023','C104',NULL),('C023','C105',NULL),('C023','C106',NULL),('C023','C107',NULL),('C023','C109',NULL),
('C024','C104',NULL),('C024','C105',NULL),('C024','C106',NULL),('C024','C107',NULL),('C024','C110',NULL),
('C025','C104',NULL),('C025','C105',NULL),('C025','C106',NULL),('C025','C107',NULL),('C025','C111',NULL),
('C026','C104',NULL),('C026','C105',NULL),('C026','C106',NULL),('C026','C107',NULL),('C026','C112',NULL),
('C027','C105',NULL),('C027','C106',NULL),('C027','C107',NULL),('C027','C108',NULL),('C027','C109',NULL),
('C028','C105',NULL),('C028','C106',NULL),('C028','C107',NULL),('C028','C108',NULL),('C028','C110',NULL),
('C029','C105',NULL),('C029','C106',NULL),('C029','C107',NULL),('C029','C108',NULL),('C029','C111',NULL),
('C030','C105',NULL),('C030','C106',NULL),('C030','C107',NULL),('C030','C108',NULL),('C030','C112',NULL),
('C031','C106',NULL),('C031','C107',NULL),('C031','C108',NULL),('C031','C109',NULL),('C031','C110',NULL),
('C032','C106',NULL),('C032','C107',NULL),('C032','C108',NULL),('C032','C109',NULL),('C032','C111',NULL),
('C033','C106',NULL),('C033','C107',NULL),('C033','C108',NULL),('C033','C109',NULL),('C033','C112',NULL),
('C034','C107',NULL),('C034','C108',NULL),('C034','C109',NULL),('C034','C110',NULL),('C034','C111',NULL),
('C035','C107',NULL),('C035','C108',NULL),('C035','C109',NULL),('C035','C110',NULL),('C035','C112',NULL),
('C036','C108',NULL),('C036','C109',NULL),('C036','C110',NULL),('C036','C111',NULL),('C036','C112',NULL),
('C037','C101',NULL),('C037','C103',NULL),('C037','C105',NULL),('C037','C107',NULL),('C037','C109',NULL),
('C038','C101',NULL),('C038','C103',NULL),('C038','C105',NULL),('C038','C107',NULL),('C038','C110',NULL),
('C039','C101',NULL),('C039','C103',NULL),('C039','C105',NULL),('C039','C107',NULL),('C039','C111',NULL),
('C040','C101',NULL),('C040','C103',NULL),('C040','C105',NULL),('C040','C107',NULL),('C040','C112',NULL),
('C041','C102',NULL),('C041','C104',NULL),('C041','C106',NULL),('C041','C108',NULL),('C041','C110',NULL),
('C042','C102',NULL),('C042','C104',NULL),('C042','C106',NULL),('C042','C108',NULL),('C042','C111',NULL),
('C043','C102',NULL),('C043','C104',NULL),('C043','C106',NULL),('C043','C108',NULL),('C043','C112',NULL),
('C044','C103',NULL),('C044','C105',NULL),('C044','C107',NULL),('C044','C109',NULL),('C044','C111',NULL),
('C045','C103',NULL),('C045','C105',NULL),('C045','C107',NULL),('C045','C109',NULL),('C045','C112',NULL),
('C046','C104',NULL),('C046','C106',NULL),('C046','C108',NULL),('C046','C110',NULL),('C046','C112',NULL),
('C047','C101',NULL),('C047','C104',NULL),('C047','C107',NULL),('C047','C110',NULL),('C047','C112',NULL),
('C048','C102',NULL),('C048','C105',NULL),('C048','C108',NULL),('C048','C111',NULL),('C048','C112',NULL),
('C049','C101',NULL),('C049','C105',NULL),('C049','C109',NULL),('C049','C110',NULL),('C049','C111',NULL),
('C050','C102',NULL),('C050','C106',NULL),('C050','C107',NULL),('C050','C108',NULL),('C050','C109',NULL),
('C051','C103',NULL),('C051','C107',NULL),('C051','C108',NULL),('C051','C109',NULL),('C051','C110',NULL),
('C052','C104',NULL),('C052','C108',NULL),('C052','C109',NULL),('C052','C110',NULL),('C052','C111',NULL),
('C053','C101',NULL),('C053','C106',NULL),('C053','C109',NULL),('C053','C111',NULL),('C053','C112',NULL),
('C054','C102',NULL),('C054','C107',NULL),('C054','C110',NULL),('C054','C111',NULL),('C054','C112',NULL),
('C055','C103',NULL),('C055','C108',NULL),('C055','C110',NULL),('C055','C111',NULL),('C055','C112',NULL),
('C056','C101',NULL),('C056','C102',NULL),('C056','C108',NULL),('C056','C110',NULL),('C056','C112',NULL),
('C057','C102',NULL),('C057','C103',NULL),('C057','C109',NULL),('C057','C111',NULL),('C057','C112',NULL),
('C058','C103',NULL),('C058','C104',NULL),('C058','C110',NULL),('C058','C111',NULL),('C058','C112',NULL),
('C059','C104',NULL),('C059','C105',NULL),('C059','C106',NULL),('C059','C111',NULL),('C059','C112',NULL),
('C060','C105',NULL),('C060','C106',NULL),('C060','C107',NULL),('C060','C108',NULL),('C060','C112',NULL)
ON DUPLICATE KEY UPDATE score = VALUES(score);
